,SMILES,pIGC50_class
sample_1,c1ccccc1,negative
sample_2,Cc1ccc(C)cc1,positive
sample_3,Cc1ccccc1,positive
sample_4,CCCCc1ccccc1,positive
sample_5,CCCCCc1ccccc1,positive
sample_6,NCc1ccccc1,negative
sample_7,CC(C)c1ccccc1,positive
sample_8,OCCCCCc1ccccc1,positive
sample_9,CC(C)(O)CCc1ccccc1,negative
sample_10,OCCCc1ccccc1,negative
sample_11,OCc1ccccc1,negative
sample_12,CC(O)c1ccccc1,negative
sample_13,CCc1ccc(CO)cc1,negative
sample_14,CCCC(O)c1ccccc1,negative
sample_15,OCc1ccc(-c2ccccc2)cc1,positive
sample_16,CCc1ccc(-c2ccccc2)cc1,positive
sample_17,c1ccc(-c2ccccc2)cc1,positive
sample_18,CC(O)(Cc1ccccc1)c1ccccc1,positive
sample_19,CC(O)C(c1ccccc1)c1ccccc1,positive
sample_20,Cc1ccc(N)cc1C,negative
sample_21,Nc1cccc(CO)c1,negative
sample_22,CCCCOc1ccc(N)cc1,positive
sample_23,Cc1ccc(N)cc1,negative
sample_24,CCc1cccc(N)c1,negative
sample_25,CCc1ccc(N)cc1,negative
sample_26,Cc1cccc(N)c1,negative
sample_27,CC(C)c1cccc(C(C)C)c1N,positive
sample_28,CCc1ccccc1N,negative
sample_29,CCc1cccc(CC)c1N,positive
sample_30,COc1ccc(O)cc1,negative
sample_31,Cc1cc(O)cc(C)c1C,positive
sample_32,ClCc1ccccc1,negative
sample_33,COc1ccc(C)cc1,positive
sample_34,CC(C)(C)c1ccc(O)cc1,positive
sample_35,COc1ccccc1,negative
sample_36,CCc1ccc(O)cc1,negative
sample_37,CCc1cccc(O)c1,positive
sample_38,Cc1ccccc1O,negative
sample_39,CCc1ccccc1O,negative
sample_40,Oc1ccccc1,negative
sample_41,C=CCc1ccccc1O,positive
sample_42,Ic1ccccc1,positive
sample_43,Nc1ccc(Cl)cc1,negative
sample_44,OCCc1ccc(O)cc1,negative
sample_45,Cc1ccc(N)c(Cl)c1,negative
sample_46,CCCCCc1cc(O)cc(O)c1,positive
sample_47,COc1cccc(O)c1,negative
sample_48,CCCCCCc1ccc(O)cc1O,positive
sample_49,Cc1ccc(Br)cc1,positive
sample_50,COc1ccc(Cl)cc1,positive
sample_51,Oc1cccc(O)c1,negative
sample_52,Brc1ccccc1,negative
sample_53,Oc1ccc(I)cc1,positive
sample_54,NCCc1ccc(Cl)cc1,negative
sample_55,NCc1ccc(Cl)cc1,negative
sample_56,Nc1ccc(Cl)cc1Cl,positive
sample_57,Nc1cccc(Cl)c1,negative
sample_58,CCCCCOc1ccc(C=O)cc1,positive
sample_59,Cc1ccc([N+](=O)[O-])cc1,positive
sample_60,CC(C)c1ccc(C=O)cc1,positive
sample_61,Cc1cccc([N+](=O)[O-])c1C,positive
sample_62,Oc1cccc(Cl)c1,positive
sample_63,Cc1cccc([N+](=O)[O-])c1,positive
sample_64,Cc1ccccc1[N+](=O)[O-],positive
sample_65,Brc1ccc(Br)cc1,positive
sample_66,O=Cc1ccccc1,negative
sample_67,COc1cc(C=O)ccc1O,negative
sample_68,Oc1ccc(Cl)cc1Cl,positive
sample_69,CCCCC(=O)c1ccccc1,positive
sample_70,CCCC(=O)c1ccccc1,negative
sample_71,CCCCCCC(=O)c1ccccc1,positive
sample_72,CC(=O)c1ccccc1,negative
sample_73,O=[N+]([O-])c1ccccc1,negative
sample_74,CCCCCCCC(=O)c1ccccc1,positive
sample_75,Nc1cccc([N+](=O)[O-])c1,negative
sample_76,Nc1cc(Cl)cc(Cl)c1,positive
sample_77,Cc1cc(Br)cc(Cl)c1O,positive
sample_78,O=C(c1ccccc1)c1ccccc1,positive
sample_79,O=[N+]([O-])c1ccc(CCl)cc1,positive
sample_80,COc1ccc(C(C)=O)c(O)c1,positive
sample_81,Oc1cc(Cl)cc(Cl)c1,positive
sample_82,O=Cc1ccc(Cl)cc1,positive
sample_83,Clc1cc(Cl)cc(Cl)c1,positive
sample_84,Nc1cc(Cl)c(Cl)cc1Cl,positive
sample_85,O=C(c1ccccc1)c1ccc(Br)cc1,positive
sample_86,Oc1c(Cl)cc(Cl)cc1Cl,positive
sample_87,COc1cc(C=O)cc(Br)c1O,positive
sample_88,CCOc1ccc([N+](=O)[O-])cc1,positive
sample_89,Cc1ccc(Cl)cc1[N+](=O)[O-],positive
sample_90,Oc1c(Cl)cc(Br)cc1Cl,positive
sample_91,Cc1c(Cl)cccc1[N+](=O)[O-],positive
sample_92,Nc1c(Cl)c(Cl)cc(Cl)c1Cl,positive
sample_93,N#Cc1cccc([N+](=O)[O-])c1,positive
sample_94,Oc1cc(Cl)c(Cl)cc1Cl,positive
sample_95,Clc1cc(Cl)c(Cl)cc1Cl,positive
sample_96,O=[N+]([O-])c1cccc(Cl)c1,positive
sample_97,Nc1cc(Cl)c(Cl)c(Cl)c1Cl,positive
sample_98,Oc1c(Br)cc(Br)cc1Br,positive
sample_99,Cc1cc([N+](=O)[O-])ccc1Br,positive
sample_100,O=Cc1cc(O)ccc1[N+](=O)[O-],positive
sample_101,Cc1c(O)c(Br)c(Br)c(Br)c1Br,positive
sample_102,Oc1c(Cl)cc(Cl)c(Cl)c1Cl,positive
sample_103,Nc1c(F)c(F)c(F)c(F)c1F,positive
sample_104,O=Cc1cc(Br)cc(Br)c1O,positive
sample_105,O=[N+]([O-])c1cc(Cl)cc(Cl)c1,positive
sample_106,O=[N+]([O-])c1cc(O)ccc1Cl,positive
sample_107,Oc1cc(Cl)c(Cl)c(Cl)c1Cl,positive
sample_108,NC(=S)c1ccccc1,negative
sample_109,Nc1ccc(F)c(C(F)(F)F)c1,positive
sample_110,O=[N+]([O-])c1ccccc1Cl,positive
sample_111,O=[N+]([O-])c1cccc([N+](=O)[O-])c1,positive
sample_112,Cc1ccc([N+](=O)[O-])cc1[N+](=O)[O-],positive
sample_113,Nc1cc(Cl)c(Cl)cc1[N+](=O)[O-],positive
sample_114,Oc1c(F)c(F)c(F)c(F)c1F,positive
sample_115,O=[N+]([O-])c1ccc(F)c(Cl)c1,positive
sample_116,O=[N+]([O-])c1ccc(Cl)c(Cl)c1,positive
sample_117,O=[N+]([O-])c1cc(Cl)ccc1Cl,positive
sample_118,O=[N+]([O-])c1ccc(Cl)cc1Cl,positive
sample_119,S=C=Nc1ccccc1,positive
sample_120,O=[N+]([O-])c1ccc(O)cc1C(F)(F)F,positive
sample_121,O=[N+]([O-])c1cc(I)c(O)c(I)c1,positive
sample_122,O=[N+]([O-])c1cc(Cl)cc(Cl)c1O,positive
sample_123,O=[N+]([O-])c1ccc(Cl)c(Cl)c1Cl,positive
sample_124,O=Cc1c(F)c(F)c(F)c(F)c1F,positive
sample_125,O=[N+]([O-])c1ccc(I)c([N+](=O)[O-])c1,positive
sample_126,Nc1ccc([N+](=O)[O-])cc1[N+](=O)[O-],positive
sample_127,O=[N+]([O-])c1ccc(F)c(F)c1F,positive
sample_128,O=[N+]([O-])c1cc(Cl)c(Cl)cc1[N+](=O)[O-],positive
sample_129,Cc1cc([N+](=O)[O-])cc([N+](=O)[O-])c1O,positive
sample_130,CC(C)(C)c1cc([N+](=O)[O-])c(O)c([N+](=O)[O-])c1,positive
sample_131,O=[N+]([O-])c1ccc(Br)c([N+](=O)[O-])c1,positive
sample_132,O=[N+]([O-])c1ccc(O)c([N+](=O)[O-])c1,positive
sample_133,O=[N+]([O-])c1cc(Cl)cc(Cl)c1[N+](=O)[O-],positive
sample_134,O=[N+]([O-])c1c(F)cc(F)c(F)c1F,positive
sample_135,O=[N+]([O-])c1cccc([N+](=O)[O-])c1O,positive
sample_136,O=[N+]([O-])c1ccc(Cl)c([N+](=O)[O-])c1,positive
sample_137,O=[N+]([O-])c1ccc(F)c([N+](=O)[O-])c1,positive
sample_138,O=[N+]([O-])c1c(F)c(F)c(F)c(F)c1F,positive
sample_139,O=[N+]([O-])c1c(Cl)c(Cl)c([N+](=O)[O-])c(Cl)c1Cl,positive
sample_140,O=[N+]([O-])c1cc([N+](=O)[O-])c(F)cc1F,positive
sample_141,O=[N+]([O-])c1cc(Cl)c(Cl)c([N+](=O)[O-])c1Cl,positive
sample_142,O=[N+]([O-])c1c(Cl)cc(Cl)c([N+](=O)[O-])c1Cl,positive
sample_143,N#Cc1cc([N+](=O)[O-])c(Cl)c([N+](=O)[O-])c1,positive
sample_144,Cc1ccc(CO)cc1,negative
sample_145,CCCC(O)Cc1ccccc1,negative
sample_146,Cc1ccc(CCN)cc1,negative
sample_147,Cc1ccc(CN)cc1,negative
sample_148,OCC=Cc1ccccc1,negative
sample_149,CC(C)(C)c1ccc(CO)cc1,positive
sample_150,Cc1ccc(CCO)cc1,negative
sample_151,Cc1ccccc1CO,negative
sample_152,CCC(O)c1ccccc1,negative
sample_153,CC(CO)c1ccccc1,negative
sample_154,CC(C)(O)c1ccccc1,negative
sample_155,OC(c1ccccc1)c1ccccc1,positive
sample_156,ON=Cc1ccccc1,negative
sample_157,CC(C)(C)c1ccc(N)cc1,positive
sample_158,Cc1ccc(N)c(C)c1,negative
sample_159,CCC(C)c1ccc(N)cc1,positive
sample_160,Cc1cccc(N)c1C,negative
sample_161,N#CCc1ccccc1,negative
sample_162,CC(C#N)c1ccccc1,negative
sample_163,CCNc1ccccc1,negative
sample_164,CNc1ccccc1,negative
sample_165,CC(C)(C)c1ccc(O)c(N)c1,positive
sample_166,COc1ccccc1N,negative
sample_167,c1ccc(-c2cccnc2)cc1,positive
sample_168,Nc1ccccc1CO,negative
sample_169,c1ccc(Cc2ccccn2)cc1,positive
sample_170,c1ccc(Cc2ccncc2)cc1,positive
sample_171,Cc1ccc(O)cc1C,negative
sample_172,CC(C)(C)c1cccc(O)c1,positive
sample_173,Cc1cc(C)c(O)c(C(C)(C)C)c1,positive
sample_174,CC(C)c1ccc(O)cc1,positive
sample_175,CC(C)c1cccc(O)c1,positive
sample_176,Cc1cccc(O)c1C,negative
sample_177,CC(C)c1ccccc1O,positive
sample_178,CN(C)Cc1cc(CN(C)C)c(O)c(CN(C)C)c1,negative
sample_179,Nc1ccccc1F,negative
sample_180,N#CCc1ccc(N)cc1,negative
sample_181,N#CC=Cc1ccccc1,negative
sample_182,OCc1cccc(F)c1,negative
sample_183,N#Cc1cccc(N)c1,negative
sample_184,Nc1cccc(F)c1,negative
sample_185,CCc1cc(O)ccc1Cl,positive
sample_186,Cc1cc(O)c(Cl)cc1C,positive
sample_187,COc1cc(O)cc(OC)c1,negative
sample_188,N#CCc1ccc(O)cc1,negative
sample_189,Cc1cc(Br)cc(C)c1O,positive
sample_190,Cc1ccc(Cl)c(O)c1,positive
sample_191,Oc1ccc(Br)cc1,positive
sample_192,OCCc1ccc(Cl)cc1,positive
sample_193,OCc1ccc(Cl)cc1,positive
sample_194,Cc1cc(C)c([N+](=O)[O-])c(C)c1,positive
sample_195,OCc1cccc(Cl)c1,negative
sample_196,Oc1ccccc1Br,positive
sample_197,COc1cc(C#N)ccc1O,negative
sample_198,O=[N+]([O-])c1cccc(CO)c1,negative
sample_199,COc1ccc(C#N)cc1,negative
sample_200,CC(=O)c1cc(C)c(C)cc1O,positive
sample_201,COc1ccccc1C=O,negative
sample_202,CNc1ccc(C(=O)OC)cc1,positive
sample_203,O=Cc1ccc(Oc2ccccc2)cc1,positive
sample_204,COc1cc(OC)c(OC)cc1C=O,negative
sample_205,Nc1ccc(C(=O)c2ccccc2)cc1,positive
sample_206,CCCOC(=O)C=Cc1ccccc1,positive
sample_207,CCOC(=O)C=Cc1ccccc1,positive
sample_208,CCCCCC(=O)c1ccccc1,positive
sample_209,CCCCOC(=O)C=Cc1ccccc1,positive
sample_210,N#CCc1ccc(Cl)cc1,positive
sample_211,COC(=O)C=Cc1ccccc1,positive
sample_212,CCOC(=O)c1ccc(OC)cc1,positive
sample_213,NNC(=O)Cc1ccccc1,negative
sample_214,Oc1c(Cl)cccc1Cl,positive
sample_215,CC(C)CCOC(=O)c1ccc(O)cc1,positive
sample_216,O=C(Cc1ccccc1)c1ccc(O)cc1,positive
sample_217,O=C(OCc1ccccc1)c1ccccc1,positive
sample_218,O=C(c1ccccc1)c1ccc(O)cc1,positive
sample_219,Cc1ccc([N+](=O)[O-])cc1O,positive
sample_220,NC(=O)c1cc(Cl)ccc1O,positive
sample_221,O=[N+]([O-])c1cccc(O)c1,positive
sample_222,O=Cc1cccc(C=O)c1,negative
sample_223,CC(=O)c1ccc(O)cc1O,positive
sample_224,O=C(c1ccccc1)c1cccc(Cl)c1,positive
sample_225,O=C(Oc1ccccc1)c1ccccc1,positive
sample_226,N#CC(C#N)=Cc1ccccc1,positive
sample_227,O=[N+]([O-])c1ccc(Oc2ccccc2)cc1,positive
sample_228,CCOC(=O)C(C#N)c1ccccc1,negative
sample_229,COc1ccccc1[N+](=O)[O-],negative
sample_230,Cc1cccc(O)c1[N+](=O)[O-],positive
sample_231,NC(=O)c1ccccc1[N+](=O)[O-],negative
sample_232,O=Cc1ccccc1[N+](=O)[O-],negative
sample_233,Cc1ccc(O)c([N+](=O)[O-])c1,positive
sample_234,O=C(c1ccc(O)cc1O)c1ccc(O)cc1O,positive
sample_235,O=Cc1ccc([N+](=O)[O-])cc1,negative
sample_236,Cc1ccc([N+](=O)[O-])c(O)c1,positive
sample_237,O=Cc1cc(Cl)cc(Cl)c1O,positive
sample_238,O=[N+]([O-])c1cccnc1SCc1ccccc1,positive
sample_239,CCOC(=O)c1ccc([N+](=O)[O-])cc1,positive
sample_240,O=Cc1ccc(Cl)cc1Cl,positive
sample_241,Oc1ccc(C(F)(F)F)cc1,positive
sample_242,CC(=S)Nc1ccccc1,negative
sample_243,OCc1c(F)c(F)c(F)c(F)c1F,negative
sample_244,Nc1ccc(F)cc1C(F)(F)F,negative
sample_245,O=[N+]([O-])c1cc(Br)ccc1Br,positive
sample_246,N#CC(=O)c1ccccc1,positive
sample_247,O=[N+]([O-])c1cc(F)ccc1F,positive
sample_248,Nc1c(Br)cc(Br)cc1[N+](=O)[O-],positive
sample_249,O=Cc1ccc(O)c([N+](=O)[O-])c1,positive
sample_250,O=C(N=C=S)c1ccccc1,negative
sample_251,CO,negative
sample_252,CCO,negative
sample_253,CCC(C)O,negative
sample_254,CCCCCO,negative
sample_255,CCCC(C)O,negative
sample_256,CCC(O)CC,negative
sample_257,CC(C)C(C)O,negative
sample_258,CCC(C)CO,negative
sample_259,CC(C)(C)CO,negative
sample_260,CCCCOCCO,negative
sample_261,CCCCCCO,negative
sample_262,CC(C)(C)CCO,negative
sample_263,CC(C)C(O)C(C)C,negative
sample_264,CCCCCCCCO,positive
sample_265,CCCCCCC(C)O,negative
sample_266,CCCCCC(O)CC,negative
sample_267,CCCCC(CC)CO,negative
sample_268,CCCCCCCCCO,positive
sample_269,CCCCCCCC(C)O,positive
sample_270,CCC(O)(CC)C(C)(C)C,negative
sample_271,CCCCCCCCCCCO,positive
sample_272,CCCCCCCCCCCCO,positive
sample_273,OC1CCCCC1,negative
sample_274,CCCC(O)CO,negative
sample_275,OCCCCCO,negative
sample_276,CC(O)CC(C)(C)O,negative
sample_277,CCCCC(O)CO,negative
sample_278,OCCCCCCO,negative
sample_279,CC(O)CCC(C)O,negative
sample_280,CCCCCCCCC(O)CO,positive
sample_281,OCCCCCCCCCCO,negative
sample_282,C=CCCO,negative
sample_283,C=C(C)CCO,negative
sample_284,C=CC(C)(C)O,negative
sample_285,C=CCCCO,negative
sample_286,C=CCC(C)O,negative
sample_287,C#CCCCO,negative
sample_288,C#CC(C)(C)O,negative
sample_289,CCC=CCCO,negative
sample_290,C#CCCCCO,negative
sample_291,C#CC(C)(O)CC,negative
sample_292,CC#CC(C)(O)CCC,negative
sample_293,CC=CCCCO,negative
sample_294,C=CCCCCO,negative
sample_295,CCC#CCCO,negative
sample_296,CCCC#CCCO,negative
sample_297,CCCC#CCC(O)CC,negative
sample_298,CCCCCCC#CCCO,positive
sample_299,C=CCO,negative
sample_300,C=C(C)CO,negative
sample_301,C=CC(C)O,negative
sample_302,OCC=CCO,negative
sample_303,CC(C)=CCO,negative
sample_304,CCC=CCO,negative
sample_305,CC=CC(C)O,negative
sample_306,C=CC(O)CC,negative
sample_307,C=CC(O)CCC,negative
sample_308,CCCCCCC=CCO,positive
sample_309,CCCCCCCCC=CCO,positive
sample_310,CCCCCCCCCC=CCO,positive
sample_311,COC(C)=O,negative
sample_312,CCCOC(C)=O,negative
sample_313,CC(=O)OC(C)C,negative
sample_314,CCC(C)OC(C)=O,negative
sample_315,CCCCCOC(C)=O,negative
sample_316,CCC(CC)COC(C)=O,negative
sample_317,CCCCCCCCOC(C)=O,positive
sample_318,CCCCOC(=O)CC,negative
sample_319,CCC(=O)OCC(C)C,negative
sample_320,CCCOC(=O)CC,negative
sample_321,CCC(=O)OC(C)(C)C,negative
sample_322,CCCC(=O)OCC,negative
sample_323,CCOC(=O)C(C)CC,negative
sample_324,CCCCC(=O)OCC,negative
sample_325,CCOC(=O)CC(C)C,negative
sample_326,CCCOC(=O)CCC,negative
sample_327,CCCCOC(=O)CCC,positive
sample_328,CCCCCOC(=O)CC,negative
sample_329,CC(C)COC(=O)C(C)C,negative
sample_330,CCCCCC(=O)OCC,negative
sample_331,CCC(=O)OC,negative
sample_332,CCCC(=O)OC,negative
sample_333,CCCCC(=O)OC,negative
sample_334,CCC(C)C(=O)OC,negative
sample_335,CCCCCC(=O)OC,negative
sample_336,CCCCCCC(=O)OC,negative
sample_337,CCCCCCCC(=O)OC,positive
sample_338,CCCCCCCCC(=O)OC,positive
sample_339,CCCCCCCCCC(=O)OC,positive
sample_340,CCCCCCCCCCC(=O)OC,positive
sample_341,COC=O,negative
sample_342,CCCCOC=O,negative
sample_343,CC(C)(C)OC=O,negative
sample_344,CCCCCOC=O,negative
sample_345,C=CCOC(=O)CC,negative
sample_346,C=CCOC(=O)CCCCCC,positive
sample_347,C=C(C)OC(C)=O,negative
sample_348,C=COC(C)=O,negative
sample_349,C=COC(=O)C(CC)CCCC,positive
sample_350,C#CCOC(=O)CC,negative
sample_351,C=COC(=O)CC,negative
sample_352,C=COC(=O)CCC,negative
sample_353,CC#CCOC(C)=O,negative
sample_354,CC(=O)C(C)C,negative
sample_355,CC(=O)CC(C)C,negative
sample_356,O=C1CCCCC1,negative
sample_357,CC(=O)C(C)(C)C,negative
sample_358,CCCCCC(C)=O,negative
sample_359,CCCC(=O)CCC,negative
sample_360,CCCCCCC(C)=O,negative
sample_361,CCCCC(=O)CCCC,negative
sample_362,CCCCCCCCC(C)=O,positive
sample_363,CCCCCCCC(=O)CC,positive
sample_364,CCCCCCCCCC(C)=O,positive
sample_365,CCCCCCCCCCC(C)=O,positive
sample_366,CCCCCCC(=O)CCCCCC,positive
sample_367,C=CCCC(C)=O,negative
sample_368,C=C(C)CCC(C)=O,negative
sample_369,CC(=O)CCC=C(C)C,negative
sample_370,CCC#N,negative
sample_371,CCCC#N,negative
sample_372,CCCCC#N,negative
sample_373,CC(C)CC#N,negative
sample_374,CCCCCC#N,negative
sample_375,CC(C)CCC#N,negative
sample_376,CCCCCCCCC#N,positive
sample_377,CCCCCCCCCCC#N,positive
sample_378,CCCCBr,negative
sample_379,CCCCCBr,positive
sample_380,CCCCCCCCBr,positive
sample_381,CCCCC(Br)CBr,positive
sample_382,BrCCCCCCBr,positive
sample_383,CCC(Br)C(Br)CC,positive
sample_384,CCCSCCC,negative
sample_385,CCCCSCCCC,positive
sample_386,CCCCCCCS,positive
sample_387,SC1CCCCC1,negative
sample_388,CS(C)=O,negative
sample_389,CCCCS(=O)CCCC,negative
sample_390,CCCOS(=O)OCCC,negative
sample_391,CCOS(=O)(=O)OCC,negative
sample_392,CCCCOS(=O)(=O)OCCCC,positive
sample_393,CC(C)=NO,negative
sample_394,CCCCCC(C)=NO,negative
sample_395,COC(N)=O,negative
sample_396,CCOC(N)=O,negative
sample_397,CCCCOC(N)=O,negative
sample_398,CCOC(=O)CCCCCCCCC(=O)OCC,positive
sample_399,CCOC(=O)CCCCCCC(=O)OCC,positive
sample_400,CCOC(=O)CCC(=O)OCC,negative
sample_401,COC(=O)CC(=O)OC,negative
sample_402,CCCCOC(=O)CCCCC(=O)OCCCC,positive
sample_403,COC(=O)CCCCCCCCCCCC(=O)OC,positive
sample_404,COC(=O)CCCCCCC(=O)OC,positive
sample_405,COC(=O)CCCC(=O)OC,negative
sample_406,CCCCC(C(=O)OCC)C(=O)OCC,positive
sample_407,CCOC(=O)C(CC)C(=O)OCC,negative
sample_408,CCOC(=O)CC(=O)C(C)(C)C(=O)OCC,negative
sample_409,CCOC(=O)CCC(=O)CCC(=O)OCC,negative
sample_410,CCCC(C(=O)OCC)C(=O)OCC,negative
sample_411,CCOC(=O)C(NC(C)=O)C(=O)OCC,negative
sample_412,C=CCC(C(=O)OCC)C(=O)OCC,negative
sample_413,CCCCOC(=O)CCC(=O)OCCCC,positive
sample_414,CCC(=O)O,negative
sample_415,CCCC(=O)O,negative
sample_416,CCCCCCCC(=O)O,negative
sample_417,O=C(O)CCC(=O)O,negative
sample_418,CC(C)C=O,negative
sample_419,CCCCC=O,negative
sample_420,CCC(C)C=O,negative
sample_421,CCCC(C)C=O,negative
sample_422,CC(C)(C)CC=O,negative
sample_423,CCCCCCCC=O,positive
sample_424,CCCCC(C=O)CC,negative
sample_425,CCCCCCCCCCC=O,positive
sample_426,CCCCCCCCCCCC=O,positive
sample_427,O=C1CCO1,negative
sample_428,O=C1CCCO1,negative
sample_429,CC1CC(=O)O1,negative
sample_430,CCC1CCC(=O)O1,negative
sample_431,O=C1CCCCCO1,negative
sample_432,CCCCCC1CCC(=O)O1,negative
sample_433,CCCCCCC1CCC(=O)O1,positive
sample_434,CC#CCO,negative
sample_435,C#CC(C)O,negative
sample_436,CCC#CCO,negative
sample_437,C#CC=CCO,negative
sample_438,C#CC(O)CCC,positive
sample_439,CCC#CC(C)O,positive
sample_440,CC(O)C#CC(C)O,negative
sample_441,C#CC(O)CCCC,negative
sample_442,CCCCC#CCO,negative
sample_443,CCCCCCC#CCO,positive
sample_444,CCCCCCCC#CCO,positive
sample_445,CCCCCCCCCCC#CCO,positive
sample_446,C#CC(O)C(C)C,negative
sample_447,C#CC(O)CC(C)C,positive
sample_448,C#CC(O)C(C)CCC,positive
sample_449,OCCCl,negative
sample_450,CC(O)CCl,negative
sample_451,OCC(Cl)(Cl)Cl,negative
sample_452,OCCCCCCCl,negative
sample_453,OCCCCCCBr,negative
sample_454,OCCCCCCCCBr,positive
sample_455,CC(C)(CO)CBr,negative
sample_456,CC(O)CBr,negative
sample_457,OCC(Br)CBr,negative
sample_458,CC(=O)OCCCCBr,positive
sample_459,CC(=O)OCCCCCCl,negative
sample_460,COC(=O)CCCCBr,negative
sample_461,CCOC(=O)CCCCBr,negative
sample_462,CCOC(=O)CCCCCBr,positive
sample_463,CCOC(=O)CCCl,negative
sample_464,CCOC(=O)CCCCl,negative
sample_465,N#CCCCCBr,negative
sample_466,N#CCCCCCCBr,positive
sample_467,N#CCCCl,negative
sample_468,O=C(O)CCCBr,negative
sample_469,O=C(O)CCBr,negative
sample_470,O=C(O)CCCCl,negative
sample_471,O=C(O)CCCl,negative
sample_472,O=C(O)CCCCCl,negative
sample_473,CC(C)C(Br)C(=O)O,negative
sample_474,CCCCC(Br)C(=O)O,positive
sample_475,CC(=O)NN,negative
sample_476,CCCC(=O)NN,negative
sample_477,NNC(=O)CCCCC(=O)NN,negative
sample_478,NNC=O,negative
sample_479,N#CCCCCC#N,negative
sample_480,CC(=O)CC(C)=O,negative
sample_481,O=C1CCC(=O)CC1,negative
sample_482,CCC(=O)CC(=O)CC,negative
sample_483,CCCCC(=O)CC(C)=O,negative
sample_484,CCCCCC(=O)CC(C)=O,positive
sample_485,NCCO,negative
sample_486,NCCCO,negative
sample_487,CNCCO,negative
sample_488,CCNCCO,negative
sample_489,CC(C)(N)CO,negative
sample_490,CCCC(N)CO,negative
sample_491,CC(C)(CN)CO,negative
sample_492,NCCCCCCO,negative
sample_493,CCCCC(N)CO,negative
sample_494,CC(C)C(N)CO,negative
sample_495,CC(C)(C)C(N)CO,negative
sample_496,CCC(C)C(N)CO,negative
sample_497,CC(C)CC(N)CO,negative
sample_498,CC(C)(C)NCCO,negative
sample_499,NCC(O)CO,negative
sample_500,CN(CCO)CCO,negative
sample_501,OCCN(CCO)CCO,negative
sample_502,CCCN,negative
sample_503,CCCCN,negative
sample_504,CCCNC,negative
sample_505,CCCCCCCN,negative
sample_506,CCCCCCCCN,positive
sample_507,CCCCCCCCCN,positive
sample_508,CCCCCCCCCCN,positive
sample_509,CCCCCCCCCCCN,positive
sample_510,CC(C)N,negative
sample_511,CCC(C)N,negative
sample_512,CCCC(C)N,negative
sample_513,CCC(N)CC,negative
sample_514,CCC(C)CN,negative
sample_515,CC(C)(C)N,negative
sample_516,CCC(C)(C)N,negative
sample_517,CC(C)C(C)N,negative
sample_518,C#CCN,negative
sample_519,C#CCNC,negative
sample_520,C#CCN(C)C,negative
sample_521,COCCCN,negative
sample_522,COCC(C)N,negative
sample_523,CCC(=O)O,negative
sample_524,CCCC(=O)O,negative
sample_525,CCCCCCC(=O)O,negative
sample_526,CCCCCCCC(=O)O,negative
sample_527,CCCCCCCCC(=O)O,positive
sample_528,CCCCCCCCCC(=O)O,positive
sample_529,CCCCCCCCCCC(=O)O,positive
sample_530,CC(C)C(=O)O,negative
sample_531,CC(C)CC(=O)O,negative
sample_532,CC(C)(C)C(=O)O,negative
sample_533,CCC(C)CC(=O)O,negative
sample_534,CCC(CC)C(=O)O,negative
sample_535,CCCC(CCC)C(=O)O,negative
sample_536,C=CCC(=O)O,negative
sample_537,CCC=CCC(=O)O,negative
sample_538,O=C(O)CC(=O)O,negative
sample_539,O=C(O)CCC(=O)O,negative
sample_540,O=C(O)CCCC(=O)O,negative
sample_541,O=C(O)CCCCCC(=O)O,negative
sample_542,O=C(O)CCCCCCCCC(=O)O,negative
sample_543,CC=CC(=O)O,negative
sample_544,CCC=CC(=O)O,negative
sample_545,CCCC=CC(=O)O,negative
sample_546,C#CC(=O)O,negative
sample_547,CCCCCC#CC(=O)O,negative
sample_548,CCCCCCC#CC(=O)O,positive
sample_549,CCN=C=S,positive
sample_550,CCCN=C=S,positive
sample_551,CCCCN=C=S,positive
sample_552,CCCCCCN=C=S,positive
sample_553,CC(C)(C)CN=C=S,positive
sample_554,S=C=NCCCN=C=S,positive
sample_555,CCCCC(=O)Cl,negative
sample_556,CCCCCC(=O)Cl,positive
sample_557,CCCCCCC(=O)Cl,positive
sample_558,CCCCCCCC(=O)Cl,positive
sample_559,CCCC(Br)C(=O)OCC,positive
sample_560,CCCCC(Br)C(=O)OCC,positive
sample_561,CCOC(=O)C(C)Br,positive
sample_562,CCOC(=O)C(Br)CBr,positive
sample_563,CCOC(=O)C(Br)C(C)Br,positive
sample_564,CCOC(=O)C(C)Cl,negative
sample_565,CCOC(=O)C(Cl)C(=O)OCC,positive
sample_566,CCOC(=O)C(C)(C)Br,negative
sample_567,CC(=O)C(Cl)Cl,positive
sample_568,CC(=O)C(C)Cl,positive
sample_569,CC(C)(Br)C(=O)C(C)(C)Br,positive
sample_570,CC(Br)C(=O)C(=O)C(C)Br,positive
sample_571,BrCC=CCBr,positive
sample_572,CC(Cl)C#N,negative
sample_573,N#CCCl,positive
sample_574,N#CC(Cl)Cl,positive
sample_575,O=C(CCl)CCl,positive
sample_576,N#CC(Cl)(Cl)Cl,positive
sample_577,N#CCBr,positive
sample_578,N#CC(Br)Br,positive
sample_579,C1CSCCS1,negative
sample_580,CCOS(=O)OCC,negative
sample_581,C=CS(=O)(=O)C=C,positive
sample_582,C=CS(=O)(=O)CC,negative
sample_583,Sc1ccccc1,positive
sample_584,c1ccc2sccc2c1,positive
sample_585,c1ccc2c(c1)Oc1ccccc1S2,positive
sample_586,CCCSc1ccccc1,positive
sample_587,C=CSc1ccccc1,positive
sample_588,C=CS(=O)c1ccccc1,negative
sample_589,CCS(=O)(=O)c1ccccc1,negative
sample_590,C=CCS(=O)(=O)c1ccccc1,positive
sample_591,C=CS(=O)(=O)c1ccccc1,positive
sample_592,CCCCc1ccc(N=C=S)cc1,positive
sample_593,S=C=Nc1cccc2ccccc12,positive
sample_594,CC(N=C=S)c1ccccc1,positive
sample_595,S=C=NC(c1ccccc1)c1ccccc1,positive
sample_596,S=C=NCCc1ccccc1,positive
sample_597,S=C=NCc1cccc2ccccc12,positive
sample_598,O=C(C=Cc1ccccc1)N=C=S,positive
sample_599,O=Cc1ccc(Br)cc1,positive
sample_600,Cc1ccc(C=O)cc1,negative
sample_601,O=Cc1ccc(F)cc1,negative
sample_602,O=Cc1ccc(C=O)cc1,negative
sample_603,COc1ccc(C=O)cc1,negative
sample_604,CCOc1ccc(C=O)cc1,negative
sample_605,Cc1ccccc1C=O,negative
sample_606,O=Cc1cccc(Cl)c1,positive
sample_607,O=Cc1cccc(Br)c1,positive
sample_608,O=Cc1cccc(F)c1,negative
sample_609,COc1ccc(C=O)c(OC)c1,negative
sample_610,O=Cc1ccccc1F,negative
sample_611,CCCCOc1ccc(C=O)cc1,positive
sample_612,O=Cc1c(Cl)cccc1[N+](=O)[O-],negative
sample_613,COc1ccc(C=O)c(Cl)c1O,negative
sample_614,Cc1ccc2ccccc2c1C=O,positive
sample_615,Cc1ccc(C=O)c2ccccc12,positive
sample_616,O=Cc1cc2ccccc2c2ccccc12,positive
sample_617,O=Cc1cccc(O)c1O,negative
sample_618,O=Cc1cc(O)ccc1O,positive
sample_619,O=Cc1ccc(O)c(O)c1,negative
sample_620,O=Cc1cc(O)c(O)c(O)c1,negative
sample_621,O=Cc1c(O)cc(O)cc1O,negative
sample_622,CCOc1cccc(C=O)c1O,positive
sample_623,COc1cccc(C=O)c1O,positive
sample_624,COc1cc(O)c(C=O)c(OC)c1,positive
sample_625,O=Cc1ccc(O)cc1Cl,positive
sample_626,O=Cc1c(O)ccc2ccccc12,positive
sample_627,O=Cc1ccc(O)c2ccccc12,positive
sample_628,O=Cc1ccc(O)c(Br)c1,positive
sample_629,Oc1c(Br)cc(Br)c(O)c1Br,positive
sample_630,O=C(c1ccccc1)c1ccc(O)cc1O,positive
sample_631,Oc1ccccc1O,positive
sample_632,O=[N+]([O-])c1ccc(O)c(O)c1,positive
sample_633,Oc1cccc(O)c1O,positive
sample_634,Oc1ccc(O)c(O)c1,positive
sample_635,Cc1cc(O)ccc1O,positive
sample_636,Cc1c(O)ccc(O)c1C,positive
sample_637,Cc1cc(O)c(C)c(C)c1O,positive
sample_638,Cc1c(C)c(O)c(C)c(C)c1O,positive
sample_639,Oc1ccc(O)c(Cl)c1,positive
sample_640,Oc1ccc(O)c(Br)c1,positive
sample_641,Oc1c(Cl)c(Cl)c(O)c(Cl)c1Cl,positive
sample_642,Oc1ccc(O)c(-c2ccccc2)c1,positive
sample_643,Oc1cc(Cl)c(O)cc1Cl,positive
sample_644,Oc1c(O)c(Br)c(Br)c(Br)c1Br,positive
sample_645,CCC(O)Cc1ccccc1,negative
sample_646,OCCCCCCc1ccccc1,positive
sample_647,OCCCCc1ccccc1,negative
sample_648,CCC(C)(O)c1ccccc1,negative
sample_649,CCCCCOc1ccc(N)cc1,positive
sample_650,CCCCCCOc1ccc(N)cc1,positive
sample_651,CC(C)c1ccc(N)cc1,negative
sample_652,CCCCc1ccc(N)cc1,positive
sample_653,BrCCc1ccccc1,positive
sample_654,Cc1ccccc1N,negative
sample_655,Nc1ccccc1,negative
sample_656,CSc1ccccc1,negative
sample_657,Cc1cc(C)c(C)c(O)c1,positive
sample_658,Cc1cc(C)c(O)c(C)c1,positive
sample_659,CCC(C)(C)c1ccc(O)cc1,positive
sample_660,Cc1ccc(C)c(O)c1C,positive
sample_661,CCOc1ccccc1,negative
sample_662,Cc1ccc(O)c(C)c1,negative
sample_663,C#CC(C)(O)c1ccccc1,negative
sample_664,Cc1ccc(O)cc1,negative
sample_665,CCCc1ccc(O)cc1,positive
sample_666,CCCCCCCCCc1ccc(O)cc1,positive
sample_667,Cc1cccc(O)c1,negative
sample_668,Cc1ccccc1C#N,negative
sample_669,Nc1ccccc1Cl,negative
sample_670,Cc1cc(O)cc(C)c1Cl,positive
sample_671,CCc1ccc(Br)cc1,positive
sample_672,Cc1cc(O)ccc1Cl,positive
sample_673,Oc1ccc(Cl)cc1,positive
sample_674,Clc1ccccc1,negative
sample_675,Cc1ccc([N+](=O)[O-])cc1C,positive
sample_676,CCOc1cc(C=O)ccc1O,negative
sample_677,CCC(=O)c1ccc(O)cc1,negative
sample_678,CCC(=O)c1ccccc1,negative
sample_679,O=Cc1ccccc1O,positive
sample_680,Nc1cc(Cl)ccc1Cl,positive
sample_681,Cc1ccc(Cl)c(Cl)c1,positive
sample_682,Clc1ccccc1Cl,positive
sample_683,COc1cccc([N+](=O)[O-])c1,positive
sample_684,COc1cc(O)cc(Cl)c1,positive
sample_685,Oc1ccc(Br)cc1Br,positive
sample_686,N#Cc1cc(Cl)ccc1N,positive
sample_687,O=C(c1ccccc1)c1ccc(Cl)cc1,positive
sample_688,Clc1ccc(Cl)c(Cl)c1,positive
sample_689,CCOc1ccc(N)c([N+](=O)[O-])c1,positive
sample_690,O=[N+]([O-])c1cccc(Br)c1,positive
sample_691,Nc1ccccc1[N+](=O)[O-],negative
sample_692,O=[N+]([O-])c1cc(F)cc(I)c1,positive
sample_693,O=[N+]([O-])c1ccccc1O,positive
sample_694,Nc1ccc([N+](=O)[O-])cc1Cl,positive
sample_695,O=[N+]([O-])c1ccc(F)cc1,negative
sample_696,O=[N+]([O-])c1ccccc1Br,positive
sample_697,O=[N+]([O-])c1ccc(Cl)cc1,positive
sample_698,Cc1cc(O)c([N+](=O)[O-])cc1Cl,positive
sample_699,Oc1c(Cl)c(Cl)c(Cl)c(Cl)c1Cl,positive
sample_700,Oc1c(Br)c(Br)c(Br)c(Br)c1Br,positive
sample_701,O=[N+]([O-])c1ccc([N+](=O)[O-])cc1,positive
sample_702,Nc1c(Cl)cc(Cl)cc1[N+](=O)[O-],positive
sample_703,O=[N+]([O-])c1ccc(CO)cc1[N+](=O)[O-],positive
sample_704,O=[N+]([O-])c1cccc(Cl)c1Cl,positive
sample_705,O=[N+]([O-])c1ccccc1[N+](=O)[O-],positive
sample_706,O=[N+]([O-])c1c(Cl)cc(Cl)cc1Cl,positive
sample_707,O=[N+]([O-])c1cc(Cl)c(Cl)cc1Cl,positive
sample_708,O=Cc1cc([N+](=O)[O-])ccc1Cl,positive
sample_709,O=[N+]([O-])c1c(Cl)c(Cl)cc(Cl)c1Cl,positive
sample_710,O=[N+]([O-])c1cc(Cl)c(Cl)c(Cl)c1Cl,positive
sample_711,Nc1c([N+](=O)[O-])cccc1[N+](=O)[O-],positive
sample_712,Nc1c(Cl)cc([N+](=O)[O-])cc1[N+](=O)[O-],positive
sample_713,Nc1c(Br)cc([N+](=O)[O-])cc1[N+](=O)[O-],positive
sample_714,CC(O)Cc1ccccc1,negative
sample_715,CC(C)c1ccc(CO)cc1,negative
sample_716,Cc1cccc(CO)c1,negative
sample_717,CC(N)c1ccccc1,negative
sample_718,CC(C)(O)Cc1ccccc1,negative
sample_719,CNCCc1ccccc1,negative
sample_720,CC(CN)c1ccccc1,negative
sample_721,OCCc1ccccc1,negative
sample_722,CCC(CO)c1ccccc1,negative
sample_723,Cc1cc(C)cc(N)c1,negative
sample_724,N#CCCCc1ccccc1,negative
sample_725,Cc1cc(C)c(N)c(C)c1,negative
sample_726,N#CCCc1ccccc1,negative
sample_727,Cc1ccc(C)c(N)c1,negative
sample_728,CC(C)c1ccccc1N,negative
sample_729,Cc1cccc(C)c1N,negative
sample_730,CCCc1ccccc1N,negative
sample_731,CC(C)(C)c1cc(O)cc(C(C)(C)C)c1,positive
sample_732,C#CCSc1ccccc1,positive
sample_733,CCOc1ccc(O)cc1,negative
sample_734,CCCCOc1ccc(O)cc1,positive
sample_735,c1ccc(-c2ccccn2)cc1,positive
sample_736,Cc1cc(C)cc(O)c1,negative
sample_737,Cc1ccc(C)c(O)c1,negative
sample_738,COc1cc(CO)ccc1O,negative
sample_739,Cc1c(N)cccc1O,negative
sample_740,Cc1cc(Cl)ccc1N,positive
sample_741,CC=Cc1ccc(O)c(OC)c1,positive
sample_742,Nc1cccc(I)c1,positive
sample_743,Oc1ccc(F)cc1,negative
sample_744,Nc1ccccc1I,positive
sample_745,Cc1cc(Cl)ccc1O,positive
sample_746,OCc1ccccc1Br,negative
sample_747,Oc1ccccc1F,negative
sample_748,CN(C)c1ccc(C=O)cc1,negative
sample_749,Cc1ccc(Cl)cc1N,positive
sample_750,Cc1ccc(N)cc1Cl,positive
sample_751,Cc1c(N)cccc1Cl,positive
sample_752,Cc1ccc(O)c(Br)c1,positive
sample_753,N#CCc1ccc(Br)cc1,positive
sample_754,Oc1ccc(Cl)c(O)c1,negative
sample_755,COc1ccc(C=O)cc1O,negative
sample_756,O=Cc1ccc(-c2ccccc2)cc1,positive
sample_757,C=C(C)C(=O)OCc1ccccc1,positive
sample_758,CC(=O)Nc1cccc(O)c1,negative
sample_759,N#Cc1ccc(C(N)=O)cc1,negative
sample_760,O=[N+]([O-])c1ccccc1-c1ccccc1,positive
sample_761,CCOC(=O)c1ccc(Br)cc1,positive
sample_762,O=C(Oc1ccccc1)c1ccc(O)cc1,positive
sample_763,COc1ccc(C(=O)c2ccccc2)c(O)c1,positive
sample_764,O=C(Oc1cccc(O)c1)c1ccccc1,positive
sample_765,O=C(c1ccc(Br)cc1)c1cccnc1,positive
sample_766,CC(=O)c1cccc([N+](=O)[O-])c1,positive
sample_767,O=Cc1cccc([N+](=O)[O-])c1,negative
sample_768,O=C1C=C(c2ccccc2)C(=O)C=C1c1ccccc1,positive
sample_769,COC(=O)c1cc(Cl)ccc1Cl,positive
sample_770,CC(=O)c1ccc(Cl)c(Cl)c1Cl,positive
sample_771,O=C(c1ccccc1O)c1ccccc1O,positive
sample_772,COC(=O)c1ccc([N+](=O)[O-])cc1,positive
sample_773,O=[N+]([O-])c1ccc(O)c(CCl)c1,positive
sample_774,COC(=O)c1ccc(C(=O)OC)c([N+](=O)[O-])c1,positive
sample_775,O=[N+]([O-])c1c(O)cccc1O,positive
sample_776,N#Cc1cc(Br)c(O)c(Br)c1,positive
sample_777,COC(=O)c1ccc(Cl)cc1[N+](=O)[O-],positive
sample_778,O=[N+]([O-])c1ccccc1F,negative
sample_779,O=Cc1ccc([N+](=O)[O-])c(O)c1,positive
sample_780,Nc1cc(F)c(F)cc1[N+](=O)[O-],positive
sample_781,CCCO,negative
sample_782,CC(C)O,negative
sample_783,CCCCO,negative
sample_784,CC(C)CO,negative
sample_785,CCC(C)(C)O,negative
sample_786,CC(C)CCO,negative
sample_787,CC(C)(C)O,negative
sample_788,CC(C)CCCO,negative
sample_789,CCCCCCCO,negative
sample_790,CCCC(CO)CCC,negative
sample_791,CCCCCCCCCCO,positive
sample_792,CCCCCCC(O)CCC,positive
sample_793,CCC(C)(O)CCCC(C)C,positive
sample_794,CCCCCCCCCCCCCO,positive
sample_795,CCC(O)CO,negative
sample_796,CC(O)CCO,negative
sample_797,OCCCCO,negative
sample_798,CC(C)(O)C#CC(C)(C)O,negative
sample_799,C#CC(C)(O)CC(C)C,negative
sample_800,C#CCCO,negative
sample_801,CC#CCCO,negative
sample_802,C#CCC(C)O,negative
sample_803,C#CCC(O)CC,negative
sample_804,CCC#CCC(C)O,negative
sample_805,CCCCC#CCCO,negative
sample_806,CCC#CCC(O)CC,negative
sample_807,CCCCCC#CCCO,positive
sample_808,CCCCCCCCCCC#CCCO,positive
sample_809,CC=CCO,negative
sample_810,CCCCC=CCO,negative
sample_811,CCCCCC=CCO,positive
sample_812,CCCCCCCC=CCO,positive
sample_813,CCOC(C)=O,negative
sample_814,CCCCOC(C)=O,negative
sample_815,CCCCCCOC(C)=O,negative
sample_816,CCCCCCCCCCOC(C)=O,positive
sample_817,CCOC(=O)CC,negative
sample_818,CCOC(=O)C(C)C,negative
sample_819,CCCCC(=O)OCCC,negative
sample_820,CCCOC=O,negative
sample_821,CC(C)COC=O,negative
sample_822,CCCCCCOC=O,negative
sample_823,C=CCOC(=O)CCC,negative
sample_824,C=CCOC(=O)CCCCC,negative
sample_825,C#CCOC(C)=O,negative
sample_826,CC=CCC(=O)OC,negative
sample_827,CC(C)=O,negative
sample_828,CCC(C)=O,negative
sample_829,CCCC(C)=O,negative
sample_830,CCC(=O)CC,negative
sample_831,CCCCC(C)=O,negative
sample_832,CC(=O)CCC(C)C,negative
sample_833,CCCCCCCC(C)=O,positive
sample_834,CCCCCCCCCCCC(C)=O,positive
sample_835,CC#N,negative
sample_836,CC(C)C#N,negative
sample_837,CC(C)(C)C#N,negative
sample_838,CCCCCCC#N,negative
sample_839,CCCCCCCC#N,positive
sample_840,CCCCCCCCCCCC#N,positive
sample_841,C=CCC#N,negative
sample_842,CC=CCC#N,negative
sample_843,CCCCCCBr,positive
sample_844,CCCCCCCBr,positive
sample_845,SCCCCCCS,positive
sample_846,SCCCCCCCCS,positive
sample_847,CCCS(=O)CCC,negative
sample_848,CCCCS(=O)(=O)CCCC,negative
sample_849,CC=NO,negative
sample_850,CCC(C)=NO,negative
sample_851,ON=C1CCCCC1,negative
sample_852,CCOC(=O)CC(=O)OCC,negative
sample_853,COC(=O)CCC(=O)OC,negative
sample_854,CCOC(=O)CCCCC(=O)OCC,negative
sample_855,COC(=O)CCCCCCCCC(=O)OC,positive
sample_856,CCOC(=O)CCCCCC(=O)OCC,positive
sample_857,CCCCOC(=O)CCCCCCC(=O)OCCCC,positive
sample_858,CCOC(=O)C(C(=O)OCC)=C(C)C,negative
sample_859,CCOC(=O)C(C)C(=O)OCC,negative
sample_860,CCCCCC(=O)O,negative
sample_861,O=C(O)CC(=O)O,negative
sample_862,CCC=O,negative
sample_863,CCCC=O,negative
sample_864,CCCCCC=O,negative
sample_865,CCC(C=O)CC,negative
sample_866,CCCCCCC=O,negative
sample_867,CCCCCCCCC=O,positive
sample_868,CCCCCCCCCC=O,positive
sample_869,CCCCCC=CCCC=O,positive
sample_870,CCC=CCCCCCC=O,positive
sample_871,CC1CCC(=O)O1,negative
sample_872,CC1CCOC1=O,negative
sample_873,CCCCC1CCC(=O)O1,negative
sample_874,CCCCCC1CCCC(=O)O1,negative
sample_875,C#CCO,negative
sample_876,OCC#CCO,negative
sample_877,C#CC(O)CC,negative
sample_878,CCCC#CCO,negative
sample_879,CC#CC(O)CC,negative
sample_880,CCC#CC(O)CC,negative
sample_881,CCCCCC#CCO,negative
sample_882,CCC#CC(O)CC(C)C,positive
sample_883,OCCBr,negative
sample_884,OCCCBr,negative
sample_885,OCCCCl,negative
sample_886,OCCCCCl,negative
sample_887,CC(C)(CO)CCl,negative
sample_888,OCC(Cl)Cl,negative
sample_889,OC(CCl)CCl,negative
sample_890,OCCCCCCCCCl,positive
sample_891,OCC(Br)(Br)Br,negative
sample_892,CC(=O)OCCCCCBr,positive
sample_893,CCOC(=O)CCBr,negative
sample_894,CCOC(=O)CCCBr,negative
sample_895,N#CCCCBr,negative
sample_896,N#CCCCCl,negative
sample_897,N#CCCCCCl,negative
sample_898,N#CCCCCCCCl,positive
sample_899,O=C(O)CCCCBr,negative
sample_900,O=C(O)CCCCCCCBr,positive
sample_901,O=C(O)CCCCCBr,negative
sample_902,CCC(Br)C(=O)O,negative
sample_903,CC(C)(Br)C(=O)O,negative
sample_904,CCCC(Br)C(=O)O,negative
sample_905,CCCCCCC(Br)C(=O)O,positive
sample_906,N#CCCC#N,negative
sample_907,N#CCCCC#N,negative
sample_908,O=C1CCCC(=O)C1,negative
sample_909,CC(=O)CCC(C)=O,negative
sample_910,NCCCCO,negative
sample_911,NCCCCCO,negative
sample_912,CCCNCCO,negative
sample_913,CCN(CC)CCO,negative
sample_914,OCCNCCO,negative
sample_915,NCC(O)CN,negative
sample_916,NC(CO)CO,negative
sample_917,CNCC(O)CO,negative
sample_918,CCCCCN,negative
sample_919,CCCCNC,negative
sample_920,CCCCCCN,negative
sample_921,CC(C)CN,negative
sample_922,CCN(C)C,negative
sample_923,CC(C)CCN,negative
sample_924,CCN(C)CC,negative
sample_925,C#CC(C)(C)N,negative
sample_926,COCCN,negative
sample_927,CCOCCCN,negative
sample_928,NCCCN,negative
sample_929,CCCCC(=O)O,negative
sample_930,CCCCCC(=O)O,negative
sample_931,CC(C)CCC(=O)O,negative
sample_932,CCCCC(CC)C(=O)O,negative
sample_933,O=C(O)CCCCC(=O)O,negative
sample_934,CC(C)(CC(=O)O)CC(=O)O,negative
sample_935,O=C(O)CCCCCCC(=O)O,negative
sample_936,O=C(O)CCCCCCCCCCC(=O)O,negative
sample_937,CCCCCC=CC(=O)O,negative
sample_938,CCCCCCC=CC(=O)O,positive
sample_939,CCCCCN=C=S,positive
sample_940,C=CCN=C=S,positive
sample_941,CCC(Br)C(=O)OC,positive
sample_942,CCOC(=O)C(Br)CC,positive
sample_943,CCOC(=O)C(Br)C(C)C,negative
sample_944,CCCCCCC(Br)C(=O)OCC,positive
sample_945,CC(C)(C)C(=O)CBr,positive
sample_946,CC(=O)C(Cl)C(C)=O,positive
sample_947,O=C(CBr)C(=O)CBr,positive
sample_948,CC(Br)C#N,positive
sample_949,c1csc(-c2cccs2)c1,positive
sample_950,CS(C)(=O)=O,negative
sample_951,CCS(=O)(=O)CC,negative
sample_952,C=CS(C)(=O)=O,positive
sample_953,CCSc1ccccc1,positive
sample_954,C=CCSc1ccccc1,positive
sample_955,Cc1cccc(C)c1N=C=S,positive
sample_956,Cc1cc(C)cc(N=C=S)c1,positive
sample_957,S=C=Nc1ccc2c(c1)CCC2,positive
sample_958,S=C=Nc1ccc(N=C=S)cc1,positive
sample_959,S=C=NCCCc1ccccc1,positive
sample_960,O=Cc1cccc2ccccc12,positive
sample_961,CCc1ccc(C=O)cc1,positive
sample_962,Cc1cccc(C=O)c1,negative
sample_963,O=Cc1ccccc1Br,positive
sample_964,N#Cc1cccc(C=O)c1,negative
sample_965,O=Cc1ccc2c(c1)Cc1ccccc1-2,positive
sample_966,COc1cc(C=O)cc(O)c1OC,negative
sample_967,O=Cc1ccc(O)c(O)c1O,negative
sample_968,O=Cc1ccc(O)cc1O,positive
sample_969,O=Cc1cccc([N+](=O)[O-])c1O,positive
sample_970,O=Cc1ccc(O)cc1,positive
sample_971,O=Cc1cc(Br)ccc1O,positive
sample_972,O=Cc1cc(Cl)ccc1O,positive
sample_973,O=Cc1cc(Br)c(O)c(Br)c1,positive
sample_974,Oc1cc(O)cc(O)c1,negative
sample_975,Oc1cc(O)c(Cl)cc1Cl,positive
sample_976,Cc1cccc(O)c1O,positive
sample_977,Cc1ccc(O)c(O)c1,positive
sample_978,Oc1ccc(Cl)cc1O,positive
sample_979,O=C(c1ccccc1)c1ccc(O)c(O)c1O,positive
sample_980,O=[N+]([O-])c1cc([N+](=O)[O-])c(O)c(O)c1O,positive
sample_981,Oc1ccc(O)cc1,positive
sample_982,Oc1c(F)c(F)c(O)c(F)c1F,positive
sample_983,Oc1c(O)c(Cl)c(Cl)c(Cl)c1Cl,positive
sample_984,OCc1cccc(O)c1,negative
sample_985,COc1cc(CN)ccc1O,negative
sample_986,NC(=O)c1ccc(N)cc1,negative
sample_987,NC(=O)c1ccccc1,negative
sample_988,OCCOc1cccc(O)c1,negative
sample_989,CC(=O)Nc1ccc(O)cc1,negative
sample_990,NC(=O)c1ccc(O)cc1,negative
sample_991,Cc1cc(O)cc(O)c1,negative
sample_992,N#Cc1ccccc1C#N,negative
sample_993,NC(=O)c1cc(Cl)ccc1[N+](=O)[O-],negative
sample_994,CC(=O)Oc1ccccc1,negative
sample_995,CC(=O)Nc1ccc(C=O)cc1,negative
sample_996,COC(=O)COc1ccccc1,negative
sample_997,NC(=O)c1cccc([N+](=O)[O-])c1,negative
sample_998,O=[N+]([O-])c1ccccc1CO,negative
sample_999,COC(=O)c1cc(O)cc(O)c1,negative
sample_1000,CC(=O)c1ccc(O)c(C(N)=O)c1,negative
sample_1001,N#Cc1cccc(O)c1,negative
sample_1002,COC(=O)c1ccc(C#N)cc1,negative
sample_1003,COc1cccc(C#N)c1,negative
sample_1004,CC(CCO)c1ccccc1,negative
sample_1005,N#Cc1ccccc1O,negative
sample_1006,N#Cc1ccc(C=O)cc1,negative
sample_1007,O=Cc1cccc(O)c1,negative
sample_1008,NC(=O)c1ccc(Cl)cc1,negative
sample_1009,CN(C)Cc1ccccc1,negative
sample_1010,Cc1ccc(Cl)c(N)c1,negative
sample_1011,O=[N+]([O-])c1cccc(F)c1,negative
sample_1012,COc1cccc(C=O)c1,negative
sample_1013,ON=Cc1ccccc1O,positive
sample_1014,O=[N+]([O-])c1ccc(O)cc1[N+](=O)[O-],positive
sample_1015,CCN(C)c1ccccc1,positive
sample_1016,COC(=O)c1ccc(C=O)cc1,positive
sample_1017,OCc1ccccc1I,positive
sample_1018,Cc1ccc(N)c([N+](=O)[O-])c1,positive
sample_1019,CCOC(=O)c1ccc(C#N)cc1,positive
sample_1020,O=[N+]([O-])c1ccc(Br)cc1,positive
sample_1021,O=[N+]([O-])c1cccc(O)c1[N+](=O)[O-],positive
sample_1022,Cc1cc([N+](=O)[O-])ccc1N,positive
sample_1023,O=Cc1ccccc1Cl,positive
sample_1024,NC(=O)c1cc([N+](=O)[O-])c(N)c([N+](=O)[O-])c1,positive
sample_1025,O=[N+]([O-])c1cc(CO)cc([N+](=O)[O-])c1,positive
sample_1026,COc1ccc([N+](=O)[O-])cc1,positive
sample_1027,N#Cc1ccc([N+](=O)[O-])cc1,positive
sample_1028,CCOc1ccc(C(=O)OC)cc1,positive
sample_1029,Nc1cc([N+](=O)[O-])ccc1Cl,positive
sample_1030,O=[N+]([O-])c1cc(Cl)c(O)c(Cl)c1,positive
sample_1031,CCN(CC)c1ccccc1,positive
sample_1032,c1ccc(Cc2cccnc2)cc1,positive
sample_1033,Cc1ccc(Cl)c(N)c1Cl,positive
sample_1034,Cc1ccc(O)cc1[N+](=O)[O-],positive
sample_1035,Cc1c(O)cccc1[N+](=O)[O-],positive
sample_1036,Cc1ccc(C)c(C)c1,positive
sample_1037,O=[N+]([O-])c1cc(C(F)(F)F)ccc1Cl,positive
sample_1038,O=C(CBr)Nc1cc([N+](=O)[O-])ccc1O,positive
sample_1039,Nc1c(Br)cccc1Br,positive
sample_1040,O=[N+]([O-])c1ccc(O)cc1F,positive
sample_1041,Nc1cc([N+](=O)[O-])cc([N+](=O)[O-])c1,positive
sample_1042,COc1c(F)cc(Br)cc1[N+](=O)[O-],positive
sample_1043,O=[N+]([O-])c1ccc([N+](=O)[O-])c(O)c1,positive
sample_1044,O=[N+]([O-])c1ccc(F)cc1O,positive
sample_1045,Nc1c([N+](=O)[O-])cc(Cl)cc1[N+](=O)[O-],positive
sample_1046,O=[N+]([O-])c1ccc(O)c(Cl)c1,positive
sample_1047,O=Cc1ccc(Cl)c([N+](=O)[O-])c1,positive
sample_1048,Nc1cc([N+](=O)[O-])cc(Cl)c1O,positive
sample_1049,N#Cc1cc([N+](=O)[O-])cc([N+](=O)[O-])c1,positive
sample_1050,Cc1cc([N+](=O)[O-])c(O)c([N+](=O)[O-])c1,positive
sample_1051,O=[N+]([O-])c1cc(Br)c(O)c(Br)c1,positive
sample_1052,CCCCCOC(=O)c1ccccc1,positive
sample_1053,CC(C)(C)c1cc(N)cc(C(C)(C)C)c1,positive
sample_1054,Nc1c(Br)cc(Cl)cc1Br,positive
sample_1055,Cc1ccc([N+](=O)[O-])c([N+](=O)[O-])c1,positive
sample_1056,CCOC(=O)c1ccc(I)cc1,positive
sample_1057,O=[N+]([O-])c1cc(Cl)c(Cl)c(Cl)c1,positive
sample_1058,Oc1ccc(C2CCCCC2)cc1,positive
sample_1059,O=[N+]([O-])c1cccc(-c2ccccc2)c1,positive
sample_1060,C=COC(=O)c1ccc(C(C)(C)C)cc1,positive
sample_1061,O=[N+]([O-])c1cc(Br)cc(F)c1O,positive
sample_1062,Cc1ccc(-c2ccccc2)cc1,positive
sample_1063,Nc1cc(F)c([N+](=O)[O-])cc1[N+](=O)[O-],positive
sample_1064,N#Cc1ccc(Cl)c([N+](=O)[O-])c1,positive
sample_1065,Cc1cc(C(C)(C)C)c(O)c(C(C)(C)C)c1,positive
sample_1066,O=[N+]([O-])c1cc(Cl)ccc1O,positive
sample_1067,Oc1c(Br)cc(Br)cc1-c1ccccc1,positive
sample_1068,Cc1cc(Cl)c([N+](=O)[O-])cc1[N+](=O)[O-],positive
sample_1069,O=Cc1cc(I)cc(I)c1O,positive
sample_1070,CCCCCCCCCOC(=O)c1ccc(O)cc1,positive
sample_1071,O=[N+]([O-])c1cc([N+](=O)[O-])c(Cl)cc1Cl,positive
sample_1072,NC(=O)COc1ccccc1,negative
sample_1073,N=C(N)NC(=N)Nc1ccccc1,negative
sample_1074,NC(=O)Oc1ccccc1,negative
sample_1075,O=C1CCC(c2ccccc2)O1,negative
sample_1076,O=C(NO)c1ccccc1,positive
sample_1077,CC(=O)CC(=O)c1ccccc1,positive
sample_1078,NC(=S)Nc1ccccc1,positive
sample_1079,NCCCCc1ccccc1,positive
sample_1080,O=Nc1ccc(O)cc1,positive
sample_1081,O=CC=Cc1ccccc1,positive
sample_1082,CCOC(=O)C(Cc1ccccc1)C(=O)OCC,positive
sample_1083,N#CSCc1ccccc1,positive
sample_1084,C=CC(=O)OCc1ccccc1,positive
sample_1085,O=C(C=Cc1ccccc1)c1ccccc1,positive
sample_1086,CCOC(=O)C#Cc1ccccc1,positive
sample_1087,O=CC(Cl)=Cc1ccccc1,positive
sample_1088,O=C(CBr)Oc1ccc([N+](=O)[O-])cc1,positive
sample_1089,O=CC#Cc1ccccc1,positive
sample_1090,O=[N+]([O-])c1cc(N=C=S)ccc1Cl,positive
sample_1091,O=[N+]([O-])c1ccc(CBr)cc1,positive
sample_1092,N#Cc1c(F)c(F)c(C#N)c(F)c1F,positive
sample_1093,S=C=NCc1ccccc1,positive
sample_1094,COc1cccc(O)c1O,positive
sample_1095,Oc1cc(Cl)ccc1Oc1ccc(Cl)cc1Cl,positive
sample_1096,CC(C)(C)c1cc([N+](=O)[O-])cc([N+](=O)[O-])c1O,positive
sample_1097,Oc1cc(Cl)cc(Cl)c1O,positive
sample_1098,Oc1cc(Br)c(O)cc1Br,positive
sample_1099,Oc1c(Br)cccc1Br,positive
sample_1100,CCN(CC)c1cccc(O)c1,positive
sample_1101,Cc1cc([N+](=O)[O-])ccc1O,positive
sample_1102,Oc1ccc(Cl)c(Cl)c1Cl,positive
sample_1103,CC(=O)c1cc(Br)ccc1O,positive
sample_1104,N#Cc1ccc(O)cc1Cl,positive
sample_1105,COc1cc(O)cc(OC)c1O,positive
sample_1106,O=[N+]([O-])c1cccc(Br)c1O,positive
sample_1107,CCCOC(=O)c1ccc(O)cc1,positive
sample_1108,Oc1cccc(F)c1O,positive
sample_1109,COC(=O)c1cc(O)ccc1O,positive
sample_1110,Nc1cc([N+](=O)[O-])ccc1Cl,positive
sample_1111,Nc1c([N+](=O)[O-])cc(Cl)cc1[N+](=O)[O-],positive
sample_1112,Cc1cc(O)ccc1N,positive
sample_1113,O=S=Nc1ccccc1,positive
sample_1114,Cc1ccc(N)cc1O,negative
sample_1115,Nc1cc(O)ccc1Cl,negative
sample_1116,Nc1ccc(O)c(Cl)c1,positive
sample_1117,Cc1c(Cl)cc(N)c(O)c1Cl,positive
sample_1118,Nc1cc(Cl)ccc1[N+](=O)[O-],positive
sample_1119,Cc1cc([N+](=O)[O-])cc(Br)c1N,positive
sample_1120,CN(C)c1ccc(N=O)cc1,positive
sample_1121,Nc1c(Br)cc(C(F)(F)F)cc1[N+](=O)[O-],positive
sample_1122,CCN(CC)c1ccc(N=O)cc1,positive
sample_1123,O=C(CBr)Oc1ccc([N+](=O)[O-])cc1,positive
sample_1124,CC(=O)Oc1ccc([N+](=O)[O-])cc1,positive
sample_1125,O=[N+]([O-])c1ccc(CBr)cc1,positive
sample_1126,O=[N+]([O-])c1cc(Cl)ccc1Br,positive
sample_1127,COc1c(F)cc(Br)cc1[N+](=O)[O-],positive
sample_1128,NC(=O)c1cc(Cl)ccc1[N+](=O)[O-],negative
sample_1129,Cc1c([N+](=O)[O-])cccc1[N+](=O)[O-],positive
sample_1130,NC(=O)c1cc([N+](=O)[O-])ccc1Cl,positive
sample_1131,COC(=O)c1ccc(Cl)c([N+](=O)[O-])c1,positive
sample_1132,O=[N+]([O-])c1ccc(Cl)cc1[N+](=O)[O-],positive
sample_1133,N#Cc1cc([N+](=O)[O-])ccc1Cl,positive
sample_1134,N#Cc1ccc([N+](=O)[O-])c([N+](=O)[O-])c1,positive
sample_1135,O=Cc1ccc([N+](=O)[O-])cc1[N+](=O)[O-],positive
sample_1136,N#Cc1ccc(C(F)(F)F)cc1[N+](=O)[O-],positive
sample_1137,O=[N+]([O-])c1cccc([N+](=O)[O-])c1Cl,positive
sample_1138,N#Cc1ccc([N+](=O)[O-])cc1[N+](=O)[O-],positive
sample_1139,O=[N+]([O-])c1cc(F)ccc1Cl,positive
sample_1140,O=[N+]([O-])c1c(F)cc(F)cc1F,positive
sample_1141,O=[N+]([O-])c1cc(F)c(F)c(F)c1,positive
sample_1142,Clc1cccc(Cl)c1,positive
sample_1143,Cc1ccccc1C(N)=O,negative
sample_1144,CCC(=O)Cc1ccccc1,negative
sample_1145,COc1ccccc1CC(=O)O,negative
sample_1146,N#Cc1ccc(C(F)(F)F)cc1Cl,negative
sample_1147,N#Cc1cc(C(F)(F)F)ccc1Cl,positive
sample_1148,CC(C)CC(=O)OCCc1ccccc1,positive
sample_1149,N#Cc1c(Cl)c(Cl)c(Cl)c(C#N)c1Cl,positive
sample_1150,CC=Cc1ccc(OC)cc1,positive
sample_1151,CC(C)C=C(C=O)c1ccccc1,positive
sample_1152,c1ccc(N=Nc2ccccc2)cc1,positive
sample_1153,COc1cccc(C)c1OC,negative
sample_1154,O=C(C=Cc1ccccc1)OCc1ccccc1,positive
sample_1155,Fc1ccc(F)cc1,negative
sample_1156,Fc1cc(F)c(F)c(F)c1F,negative
sample_1157,C=CC(=O)Nc1ccccc1,negative
sample_1158,CC(=O)C=Cc1ccccc1,positive
sample_1159,C=CS(=O)(=O)Oc1ccccc1,positive
sample_1160,N#CCS(=O)(=O)c1ccccc1,negative
sample_1161,O=S(=O)(CCCl)c1ccccc1,positive
sample_1162,COC(=O)C#Cc1ccccc1,positive
sample_1163,O=C(CCl)c1ccccc1,positive
sample_1164,C=CC(=O)Oc1ccccc1,positive
sample_1165,CC(=NO)C(=O)c1ccccc1,negative
sample_1166,O=COCc1ccccc1,negative
sample_1167,O=C(C[N+](=O)[O-])c1ccccc1,positive
sample_1168,N#CCC(=O)c1ccccc1,positive
sample_1169,CC(=O)C(C#N)c1ccccc1,positive
sample_1170,CC(O)C(=O)OCc1ccccc1,negative
sample_1171,CC(C=O)c1ccccc1,positive
sample_1172,C=CC(C)(O)CCC=C(C)C,negative
sample_1173,CCC=CCO,negative
sample_1174,CC(O)CO,negative
sample_1175,CCCC(O)CC,negative
sample_1176,CCCCCCCCCC(C)O,positive
sample_1177,CCCCCCC(O)CC,positive
sample_1178,OCc1ccco1,negative
sample_1179,C=CC(O)CCCC,negative
sample_1180,OCC#CCCl,negative
sample_1181,CC(O)CN(C)C,negative
sample_1182,CC(C)=CCCC(C)=CCO,positive
sample_1183,CCCC(COC)OC,negative
sample_1184,CCCCOCC,negative
sample_1185,C1CCOC1,negative
sample_1186,CCNCC,negative
sample_1187,NC1CCCCC1,negative
sample_1188,C=CCN,negative
sample_1189,CCCCNCCC,negative
sample_1190,CCCCCNC,negative
sample_1191,CCOC(=O)CBr,positive
sample_1192,CCOC(=O)C(Br)C(=O)OCC,positive
sample_1193,CCCCOC(=O)C(C)O,negative
sample_1194,CCCC=CCOC(C)=O,negative
sample_1195,C=C1CCOC1=O,positive
sample_1196,CC(=O)CCl,positive
sample_1197,CCC(=O)CBr,positive
sample_1198,CC(=O)C(C)Br,positive
sample_1199,CC(=O)c1ccco1,negative
sample_1200,O=C1C=CCO1,negative
sample_1201,O=CCCCC=O,negative
sample_1202,O=Cc1ccoc1,negative
sample_1203,C=CCI,positive
sample_1204,C#CCCCCl,negative
sample_1205,CCCCCCCl,positive
sample_1206,CCC(C)I,negative
sample_1207,BrC1C=CCCC1,negative
sample_1208,O=C(O)C(O)C(O)C(=O)O,negative
sample_1209,CCCC(Br)C(=O)O,positive
sample_1210,O=C(O)CCCCBr,negative
sample_1211,CC(C)(C)C1=CC(=O)C=CC1=O,positive
sample_1212,N#CC1=C(C#N)C(=O)C(Cl)=C(Cl)C1=O,positive
sample_1213,C=C(Br)C#N,positive
