,SMILES,pIGC50
sample_1,c1ccccc1,-0.12
sample_2,Cc1ccc(C)cc1,0.25
sample_3,Cc1ccccc1,0.25
sample_4,CCCCc1ccccc1,1.25
sample_5,CCCCCc1ccccc1,1.79
sample_6,NCc1ccccc1,-0.24
sample_7,CC(C)c1ccccc1,0.69
sample_8,OCCCCCc1ccccc1,0.42
sample_9,CC(C)(O)CCc1ccccc1,-0.07
sample_10,OCCCc1ccccc1,-0.21
sample_11,OCc1ccccc1,-0.83
sample_12,CC(O)c1ccccc1,-0.66
sample_13,CCc1ccc(CO)cc1,0.07
sample_14,CCCC(O)c1ccccc1,-0.01
sample_15,OCc1ccc(-c2ccccc2)cc1,0.92
sample_16,CCc1ccc(-c2ccccc2)cc1,1.97
sample_17,c1ccc(-c2ccccc2)cc1,1.05
sample_18,CC(O)(Cc1ccccc1)c1ccccc1,0.8
sample_19,CC(O)C(c1ccccc1)c1ccccc1,0.75
sample_20,Cc1ccc(N)cc1C,-0.16
sample_21,Nc1cccc(CO)c1,-1.13
sample_22,CCCCOc1ccc(N)cc1,0.61
sample_23,Cc1ccc(N)cc1,-0.05
sample_24,CCc1cccc(N)c1,-0.03
sample_25,CCc1ccc(N)cc1,0.03
sample_26,Cc1cccc(N)c1,-0.28
sample_27,CC(C)c1cccc(C(C)C)c1N,0.76
sample_28,CCc1ccccc1N,-0.22
sample_29,CCc1cccc(CC)c1N,0.31
sample_30,COc1ccc(O)cc1,-0.14
sample_31,Cc1cc(O)cc(C)c1C,0.93
sample_32,ClCc1ccccc1,0.06
sample_33,COc1ccc(C)cc1,0.25
sample_34,CC(C)(C)c1ccc(O)cc1,0.91
sample_35,COc1ccccc1,-0.1
sample_36,CCc1ccc(O)cc1,0.21
sample_37,CCc1cccc(O)c1,0.29
sample_38,Cc1ccccc1O,-0.29
sample_39,CCc1ccccc1O,0.16
sample_40,Oc1ccccc1,-0.35
sample_41,C=CCc1ccccc1O,0.33
sample_42,Ic1ccccc1,0.36
sample_43,Nc1ccc(Cl)cc1,0.05
sample_44,OCCc1ccc(O)cc1,-0.83
sample_45,Cc1ccc(N)c(Cl)c1,0.18
sample_46,CCCCCc1cc(O)cc(O)c1,1.31
sample_47,COc1cccc(O)c1,-0.33
sample_48,CCCCCCc1ccc(O)cc1O,1.8
sample_49,Cc1ccc(Br)cc1,0.47
sample_50,COc1ccc(Cl)cc1,0.6
sample_51,Oc1cccc(O)c1,-0.65
sample_52,Brc1ccccc1,0.08
sample_53,Oc1ccc(I)cc1,0.85
sample_54,NCCc1ccc(Cl)cc1,0.14
sample_55,NCc1ccc(Cl)cc1,0.16
sample_56,Nc1ccc(Cl)cc1Cl,0.56
sample_57,Nc1cccc(Cl)c1,0.22
sample_58,CCCCCOc1ccc(C=O)cc1,1.18
sample_59,Cc1ccc([N+](=O)[O-])cc1,0.65
sample_60,CC(C)c1ccc(C=O)cc1,0.67
sample_61,Cc1cccc([N+](=O)[O-])c1C,0.56
sample_62,Oc1cccc(Cl)c1,0.87
sample_63,Cc1cccc([N+](=O)[O-])c1,0.42
sample_64,Cc1ccccc1[N+](=O)[O-],0.26
sample_65,Brc1ccc(Br)cc1,0.68
sample_66,O=Cc1ccccc1,-0.2
sample_67,COc1cc(C=O)ccc1O,-0.03
sample_68,Oc1ccc(Cl)cc1Cl,1.04
sample_69,CCCCC(=O)c1ccccc1,0.56
sample_70,CCCC(=O)c1ccccc1,0.21
sample_71,CCCCCCC(=O)c1ccccc1,1.56
sample_72,CC(=O)c1ccccc1,-0.46
sample_73,O=[N+]([O-])c1ccccc1,0.14
sample_74,CCCCCCCC(=O)c1ccccc1,1.89
sample_75,Nc1cccc([N+](=O)[O-])c1,0.03
sample_76,Nc1cc(Cl)cc(Cl)c1,0.71
sample_77,Cc1cc(Br)cc(Cl)c1O,1.28
sample_78,O=C(c1ccccc1)c1ccccc1,0.87
sample_79,O=[N+]([O-])c1ccc(CCl)cc1,1.18
sample_80,COc1ccc(C(C)=O)c(O)c1,0.55
sample_81,Oc1cc(Cl)cc(Cl)c1,1.56
sample_82,O=Cc1ccc(Cl)cc1,0.4
sample_83,Clc1cc(Cl)cc(Cl)c1,0.87
sample_84,Nc1cc(Cl)c(Cl)cc1Cl,1.3
sample_85,O=C(c1ccccc1)c1ccc(Br)cc1,1.26
sample_86,Oc1c(Cl)cc(Cl)cc1Cl,1.41
sample_87,COc1cc(C=O)cc(Br)c1O,0.62
sample_88,CCOc1ccc([N+](=O)[O-])cc1,0.83
sample_89,Cc1ccc(Cl)cc1[N+](=O)[O-],0.82
sample_90,Oc1c(Cl)cc(Br)cc1Cl,1.78
sample_91,Cc1c(Cl)cccc1[N+](=O)[O-],0.68
sample_92,Nc1c(Cl)c(Cl)cc(Cl)c1Cl,1.76
sample_93,N#Cc1cccc([N+](=O)[O-])c1,0.45
sample_94,Oc1cc(Cl)c(Cl)cc1Cl,2.1
sample_95,Clc1cc(Cl)c(Cl)cc1Cl,2
sample_96,O=[N+]([O-])c1cccc(Cl)c1,0.73
sample_97,Nc1cc(Cl)c(Cl)c(Cl)c1Cl,1.96
sample_98,Oc1c(Br)cc(Br)cc1Br,1.91
sample_99,Cc1cc([N+](=O)[O-])ccc1Br,1.16
sample_100,O=Cc1cc(O)ccc1[N+](=O)[O-],0.33
sample_101,Cc1c(O)c(Br)c(Br)c(Br)c1Br,2.57
sample_102,Oc1c(Cl)cc(Cl)c(Cl)c1Cl,2.18
sample_103,Nc1c(F)c(F)c(F)c(F)c1F,0.26
sample_104,O=Cc1cc(Br)cc(Br)c1O,1.65
sample_105,O=[N+]([O-])c1cc(Cl)cc(Cl)c1,1.13
sample_106,O=[N+]([O-])c1cc(O)ccc1Cl,1.27
sample_107,Oc1cc(Cl)c(Cl)c(Cl)c1Cl,2.72
sample_108,NC(=S)c1ccccc1,0.09
sample_109,Nc1ccc(F)c(C(F)(F)F)c1,0.77
sample_110,O=[N+]([O-])c1ccccc1Cl,0.68
sample_111,O=[N+]([O-])c1cccc([N+](=O)[O-])c1,0.76
sample_112,Cc1ccc([N+](=O)[O-])cc1[N+](=O)[O-],0.87
sample_113,Nc1cc(Cl)c(Cl)cc1[N+](=O)[O-],1.66
sample_114,Oc1c(F)c(F)c(F)c(F)c1F,1.63
sample_115,O=[N+]([O-])c1ccc(F)c(Cl)c1,0.8
sample_116,O=[N+]([O-])c1ccc(Cl)c(Cl)c1,1.16
sample_117,O=[N+]([O-])c1cc(Cl)ccc1Cl,1.13
sample_118,O=[N+]([O-])c1ccc(Cl)cc1Cl,0.99
sample_119,S=C=Nc1ccccc1,1.41
sample_120,O=[N+]([O-])c1ccc(O)cc1C(F)(F)F,1.65
sample_121,O=[N+]([O-])c1cc(I)c(O)c(I)c1,1.81
sample_122,O=[N+]([O-])c1cc(Cl)cc(Cl)c1O,1.75
sample_123,O=[N+]([O-])c1ccc(Cl)c(Cl)c1Cl,1.51
sample_124,O=Cc1c(F)c(F)c(F)c(F)c1F,0.82
sample_125,O=[N+]([O-])c1ccc(I)c([N+](=O)[O-])c1,2.12
sample_126,Nc1ccc([N+](=O)[O-])cc1[N+](=O)[O-],0.72
sample_127,O=[N+]([O-])c1ccc(F)c(F)c1F,1.89
sample_128,O=[N+]([O-])c1cc(Cl)c(Cl)cc1[N+](=O)[O-],2.21
sample_129,Cc1cc([N+](=O)[O-])cc([N+](=O)[O-])c1O,1.73
sample_130,CC(C)(C)c1cc([N+](=O)[O-])c(O)c([N+](=O)[O-])c1,1.8
sample_131,O=[N+]([O-])c1ccc(Br)c([N+](=O)[O-])c1,2.31
sample_132,O=[N+]([O-])c1ccc(O)c([N+](=O)[O-])c1,1.06
sample_133,O=[N+]([O-])c1cc(Cl)cc(Cl)c1[N+](=O)[O-],2.42
sample_134,O=[N+]([O-])c1c(F)cc(F)c(F)c1F,1.87
sample_135,O=[N+]([O-])c1cccc([N+](=O)[O-])c1O,0.83
sample_136,O=[N+]([O-])c1ccc(Cl)c([N+](=O)[O-])c1,2.16
sample_137,O=[N+]([O-])c1ccc(F)c([N+](=O)[O-])c1,1.71
sample_138,O=[N+]([O-])c1c(F)c(F)c(F)c(F)c1F,2.43
sample_139,O=[N+]([O-])c1c(Cl)c(Cl)c([N+](=O)[O-])c(Cl)c1Cl,2.82
sample_140,O=[N+]([O-])c1cc([N+](=O)[O-])c(F)cc1F,2.08
sample_141,O=[N+]([O-])c1cc(Cl)c(Cl)c([N+](=O)[O-])c1Cl,2.6
sample_142,O=[N+]([O-])c1c(Cl)cc(Cl)c([N+](=O)[O-])c1Cl,2.19
sample_143,N#Cc1cc([N+](=O)[O-])c(Cl)c([N+](=O)[O-])c1,2.66
sample_144,Cc1ccc(CO)cc1,-0.49
sample_145,CCCC(O)Cc1ccccc1,0.16
sample_146,Cc1ccc(CCN)cc1,-0.04
sample_147,Cc1ccc(CN)cc1,-0.01
sample_148,OCC=Cc1ccccc1,-0.08
sample_149,CC(C)(C)c1ccc(CO)cc1,0.48
sample_150,Cc1ccc(CCO)cc1,-0.26
sample_151,Cc1ccccc1CO,-0.43
sample_152,CCC(O)c1ccccc1,-0.43
sample_153,CC(CO)c1ccccc1,-0.4
sample_154,CC(C)(O)c1ccccc1,-0.57
sample_155,OC(c1ccccc1)c1ccccc1,0.5
sample_156,ON=Cc1ccccc1,-0.11
sample_157,CC(C)(C)c1ccc(N)cc1,0.36
sample_158,Cc1ccc(N)c(C)c1,-0.29
sample_159,CCC(C)c1ccc(N)cc1,0.61
sample_160,Cc1cccc(N)c1C,-0.43
sample_161,N#CCc1ccccc1,-0.36
sample_162,CC(C#N)c1ccccc1,0.01
sample_163,CCNc1ccccc1,0.07
sample_164,CNc1ccccc1,0.06
sample_165,CC(C)(C)c1ccc(O)c(N)c1,0.37
sample_166,COc1ccccc1N,-0.69
sample_167,c1ccc(-c2cccnc2)cc1,0.47
sample_168,Nc1ccccc1CO,-1.07
sample_169,c1ccc(Cc2ccccn2)cc1,0.38
sample_170,c1ccc(Cc2ccncc2)cc1,0.63
sample_171,Cc1ccc(O)cc1C,0.12
sample_172,CC(C)(C)c1cccc(O)c1,0.74
sample_173,Cc1cc(C)c(O)c(C(C)(C)C)c1,1.16
sample_174,CC(C)c1ccc(O)cc1,0.47
sample_175,CC(C)c1cccc(O)c1,0.61
sample_176,Cc1cccc(O)c1C,0.12
sample_177,CC(C)c1ccccc1O,0.61
sample_178,CN(C)Cc1cc(CN(C)C)c(O)c(CN(C)C)c1,-0.52
sample_179,Nc1ccccc1F,-0.37
sample_180,N#CCc1ccc(N)cc1,-0.76
sample_181,N#CC=Cc1ccccc1,0.16
sample_182,OCc1cccc(F)c1,-0.39
sample_183,N#Cc1cccc(N)c1,-0.47
sample_184,Nc1cccc(F)c1,-0.1
sample_185,CCc1cc(O)ccc1Cl,1.08
sample_186,Cc1cc(O)c(Cl)cc1C,0.69
sample_187,COc1cc(O)cc(OC)c1,-0.09
sample_188,N#CCc1ccc(O)cc1,-0.38
sample_189,Cc1cc(Br)cc(C)c1O,1.16
sample_190,Cc1ccc(Cl)c(O)c1,0.54
sample_191,Oc1ccc(Br)cc1,0.68
sample_192,OCCc1ccc(Cl)cc1,0.32
sample_193,OCc1ccc(Cl)cc1,0.25
sample_194,Cc1cc(C)c([N+](=O)[O-])c(C)c1,0.86
sample_195,OCc1cccc(Cl)c1,0.15
sample_196,Oc1ccccc1Br,0.33
sample_197,COc1cc(C#N)ccc1O,-0.03
sample_198,O=[N+]([O-])c1cccc(CO)c1,-0.22
sample_199,COc1ccc(C#N)cc1,0.1
sample_200,CC(=O)c1cc(C)c(C)cc1O,0.71
sample_201,COc1ccccc1C=O,0.15
sample_202,CNc1ccc(C(=O)OC)cc1,0.31
sample_203,O=Cc1ccc(Oc2ccccc2)cc1,1.26
sample_204,COc1cc(OC)c(OC)cc1C=O,-0.1
sample_205,Nc1ccc(C(=O)c2ccccc2)cc1,0.68
sample_206,CCCOC(=O)C=Cc1ccccc1,1.23
sample_207,CCOC(=O)C=Cc1ccccc1,0.99
sample_208,CCCCCC(=O)c1ccccc1,1.19
sample_209,CCCCOC(=O)C=Cc1ccccc1,1.53
sample_210,N#CCc1ccc(Cl)cc1,0.66
sample_211,COC(=O)C=Cc1ccccc1,0.58
sample_212,CCOC(=O)c1ccc(OC)cc1,0.77
sample_213,NNC(=O)Cc1ccccc1,-0.48
sample_214,Oc1c(Cl)cccc1Cl,0.73
sample_215,CC(C)CCOC(=O)c1ccc(O)cc1,1.48
sample_216,O=C(Cc1ccccc1)c1ccc(O)cc1,1.07
sample_217,O=C(OCc1ccccc1)c1ccccc1,1.45
sample_218,O=C(c1ccccc1)c1ccc(O)cc1,1.02
sample_219,Cc1ccc([N+](=O)[O-])cc1O,0.66
sample_220,NC(=O)c1cc(Cl)ccc1O,0.59
sample_221,O=[N+]([O-])c1cccc(O)c1,0.51
sample_222,O=Cc1cccc(C=O)c1,0.18
sample_223,CC(=O)c1ccc(O)cc1O,0.25
sample_224,O=C(c1ccccc1)c1cccc(Cl)c1,1.55
sample_225,O=C(Oc1ccccc1)c1ccccc1,1.35
sample_226,N#CC(C#N)=Cc1ccccc1,0.64
sample_227,O=[N+]([O-])c1ccc(Oc2ccccc2)cc1,1.58
sample_228,CCOC(=O)C(C#N)c1ccccc1,-0.02
sample_229,COc1ccccc1[N+](=O)[O-],-0.07
sample_230,Cc1cccc(O)c1[N+](=O)[O-],0.61
sample_231,NC(=O)c1ccccc1[N+](=O)[O-],-0.72
sample_232,O=Cc1ccccc1[N+](=O)[O-],0.17
sample_233,Cc1ccc(O)c([N+](=O)[O-])c1,0.57
sample_234,O=C(c1ccc(O)cc1O)c1ccc(O)cc1O,0.96
sample_235,O=Cc1ccc([N+](=O)[O-])cc1,0.2
sample_236,Cc1ccc([N+](=O)[O-])c(O)c1,0.59
sample_237,O=Cc1cc(Cl)cc(Cl)c1O,1.55
sample_238,O=[N+]([O-])c1cccnc1SCc1ccccc1,1.72
sample_239,CCOC(=O)c1ccc([N+](=O)[O-])cc1,0.71
sample_240,O=Cc1ccc(Cl)cc1Cl,1.04
sample_241,Oc1ccc(C(F)(F)F)cc1,0.62
sample_242,CC(=S)Nc1ccccc1,-0.01
sample_243,OCc1c(F)c(F)c(F)c(F)c1F,-0.2
sample_244,Nc1ccc(F)cc1C(F)(F)F,-0.02
sample_245,O=[N+]([O-])c1cc(Br)ccc1Br,1.37
sample_246,N#CC(=O)c1ccccc1,0.31
sample_247,O=[N+]([O-])c1cc(F)ccc1F,0.33
sample_248,Nc1c(Br)cc(Br)cc1[N+](=O)[O-],1.62
sample_249,O=Cc1ccc(O)c([N+](=O)[O-])c1,0.61
sample_250,O=C(N=C=S)c1ccccc1,0.1
sample_251,CO,-2.67
sample_252,CCO,-1.99
sample_253,CCC(C)O,-1.54
sample_254,CCCCCO,-1.03
sample_255,CCCC(C)O,-1.16
sample_256,CCC(O)CC,-1.24
sample_257,CC(C)C(C)O,-1
sample_258,CCC(C)CO,-0.95
sample_259,CC(C)(C)CO,-0.87
sample_260,CCCCOCCO,-1.37
sample_261,CCCCCCO,-0.38
sample_262,CC(C)(C)CCO,-0.74
sample_263,CC(C)C(O)C(C)C,-0.71
sample_264,CCCCCCCCO,0.58
sample_265,CCCCCCC(C)O,0
sample_266,CCCCCC(O)CC,0.03
sample_267,CCCCC(CC)CO,0.17
sample_268,CCCCCCCCCO,0.84
sample_269,CCCCCCCC(C)O,0.62
sample_270,CCC(O)(CC)C(C)(C)C,-0.17
sample_271,CCCCCCCCCCCO,1.95
sample_272,CCCCCCCCCCCCO,2.16
sample_273,OC1CCCCC1,-0.77
sample_274,CCCC(O)CO,-1.63
sample_275,OCCCCCO,-1.93
sample_276,CC(O)CC(C)(C)O,-1.95
sample_277,CCCCC(O)CO,-1.27
sample_278,OCCCCCCO,-1.49
sample_279,CC(O)CCC(C)O,-1.96
sample_280,CCCCCCCCC(O)CO,0.76
sample_281,OCCCCCCCCCCO,0.22
sample_282,C=CCCO,-1.7
sample_283,C=C(C)CCO,-1.18
sample_284,C=CC(C)(C)O,-1.39
sample_285,C=CCCCO,-1.22
sample_286,C=CCC(C)O,-1.52
sample_287,C#CCCCO,-1.42
sample_288,C#CC(C)(C)O,-1.31
sample_289,CCC=CCCO,-0.78
sample_290,C#CCCCCO,-1.29
sample_291,C#CC(C)(O)CC,-1.32
sample_292,CC#CC(C)(O)CCC,-0.43
sample_293,CC=CCCCO,-0.75
sample_294,C=CCCCCO,-0.84
sample_295,CCC#CCCO,-1.02
sample_296,CCCC#CCCO,-0.32
sample_297,CCCC#CCC(O)CC,-0.04
sample_298,CCCCCCC#CCCO,1.13
sample_299,C=CCO,-1.92
sample_300,C=C(C)CO,-1.66
sample_301,C=CC(C)O,-1.05
sample_302,OCC=CCO,-2.15
sample_303,CC(C)=CCO,-1.24
sample_304,CCC=CCO,-1.11
sample_305,CC=CC(C)O,-1.4
sample_306,C=CC(O)CC,-1.35
sample_307,C=CC(O)CCC,-0.81
sample_308,CCCCCCC=CCO,0.77
sample_309,CCCCCCCCC=CCO,1.61
sample_310,CCCCCCCCCC=CCO,2.09
sample_311,COC(C)=O,-1.6
sample_312,CCCOC(C)=O,-1.24
sample_313,CC(=O)OC(C)C,-1.59
sample_314,CCC(C)OC(C)=O,-0.68
sample_315,CCCCCOC(C)=O,0.16
sample_316,CCC(CC)COC(C)=O,-0.12
sample_317,CCCCCCCCOC(C)=O,1.06
sample_318,CCCCOC(=O)CC,0.17
sample_319,CCC(=O)OCC(C)C,-0.69
sample_320,CCCOC(=O)CC,-0.81
sample_321,CCC(=O)OC(C)(C)C,-0.41
sample_322,CCCC(=O)OCC,-0.49
sample_323,CCOC(=O)C(C)CC,-0.89
sample_324,CCCCC(=O)OCC,-0.36
sample_325,CCOC(=O)CC(C)C,-0.72
sample_326,CCCOC(=O)CCC,-0.41
sample_327,CCCCOC(=O)CCC,0.52
sample_328,CCCCCOC(=O)CC,-0.04
sample_329,CC(C)COC(=O)C(C)C,-0.59
sample_330,CCCCCC(=O)OCC,0.06
sample_331,CCC(=O)OC,-1.61
sample_332,CCCC(=O)OC,-1.25
sample_333,CCCCC(=O)OC,-0.84
sample_334,CCC(C)C(=O)OC,-1.17
sample_335,CCCCCC(=O)OC,-0.56
sample_336,CCCCCCC(=O)OC,0.1
sample_337,CCCCCCCC(=O)OC,0.54
sample_338,CCCCCCCCC(=O)OC,1.04
sample_339,CCCCCCCCCC(=O)OC,1.38
sample_340,CCCCCCCCCCC(=O)OC,1.42
sample_341,COC=O,-1.5
sample_342,CCCCOC=O,-0.93
sample_343,CC(C)(C)OC=O,-1.37
sample_344,CCCCCOC=O,-0.78
sample_345,C=CCOC(=O)CC,-0.88
sample_346,C=CCOC(=O)CCCCCC,0.73
sample_347,C=C(C)OC(C)=O,-0.49
sample_348,C=COC(C)=O,-0.86
sample_349,C=COC(=O)C(CC)CCCC,1.05
sample_350,C#CCOC(=O)CC,-0.66
sample_351,C=COC(=O)CC,-0.65
sample_352,C=COC(=O)CCC,-0.38
sample_353,CC#CCOC(C)=O,-0.88
sample_354,CC(=O)C(C)C,-1.17
sample_355,CC(=O)CC(C)C,-1.21
sample_356,O=C1CCCCC1,-1.23
sample_357,CC(=O)C(C)(C)C,-1.44
sample_358,CCCCCC(C)=O,-0.49
sample_359,CCCC(=O)CCC,-0.67
sample_360,CCCCCCC(C)=O,-0.15
sample_361,CCCCC(=O)CCCC,0.07
sample_362,CCCCCCCCC(C)=O,0.58
sample_363,CCCCCCCC(=O)CC,0.63
sample_364,CCCCCCCCCC(C)=O,1.53
sample_365,CCCCCCCCCCC(C)=O,1.67
sample_366,CCCCCCC(=O)CCCCCC,1.52
sample_367,C=CCCC(C)=O,-1.14
sample_368,C=C(C)CCC(C)=O,-0.87
sample_369,CC(=O)CCC=C(C)C,-0.45
sample_370,CCC#N,-1.97
sample_371,CCCC#N,-1.44
sample_372,CCCCC#N,-1.01
sample_373,CC(C)CC#N,-0.88
sample_374,CCCCCC#N,-0.38
sample_375,CC(C)CCC#N,-0.79
sample_376,CCCCCCCCC#N,0.62
sample_377,CCCCCCCCCCC#N,1.65
sample_378,CCCCBr,-0.18
sample_379,CCCCCBr,0.48
sample_380,CCCCCCCCBr,1.87
sample_381,CCCCC(Br)CBr,1.15
sample_382,BrCCCCCCBr,1.05
sample_383,CCC(Br)C(Br)CC,1
sample_384,CCCSCCC,0
sample_385,CCCCSCCCC,1.04
sample_386,CCCCCCCS,1.02
sample_387,SC1CCCCC1,0
sample_388,CS(C)=O,-2.45
sample_389,CCCCS(=O)CCCC,-0.26
sample_390,CCCOS(=O)OCCC,0.09
sample_391,CCOS(=O)(=O)OCC,-0.7
sample_392,CCCCOS(=O)(=O)OCCCC,0.62
sample_393,CC(C)=NO,-1.25
sample_394,CCCCCC(C)=NO,0.1
sample_395,COC(N)=O,-1.97
sample_396,CCOC(N)=O,-1.65
sample_397,CCCCOC(N)=O,-0.97
sample_398,CCOC(=O)CCCCCCCCC(=O)OCC,1.35
sample_399,CCOC(=O)CCCCCCC(=O)OCC,0.7
sample_400,CCOC(=O)CCC(=O)OCC,-0.85
sample_401,COC(=O)CC(=O)OC,-1.29
sample_402,CCCCOC(=O)CCCCC(=O)OCCCC,0.79
sample_403,COC(=O)CCCCCCCCCCCC(=O)OC,1.65
sample_404,COC(=O)CCCCCCC(=O)OC,0.3
sample_405,COC(=O)CCCC(=O)OC,-1.17
sample_406,CCCCC(C(=O)OCC)C(=O)OCC,0.56
sample_407,CCOC(=O)C(CC)C(=O)OCC,-0.24
sample_408,CCOC(=O)CC(=O)C(C)(C)C(=O)OCC,-0.38
sample_409,CCOC(=O)CCC(=O)CCC(=O)OCC,-0.64
sample_410,CCCC(C(=O)OCC)C(=O)OCC,0.13
sample_411,CCOC(=O)C(NC(C)=O)C(=O)OCC,-1.2
sample_412,C=CCC(C(=O)OCC)C(=O)OCC,-0.06
sample_413,CCCCOC(=O)CCC(=O)OCCCC,0.51
sample_414,CCC(=O)O,-1.45
sample_415,CCCC(=O)O,-1.37
sample_416,CCCCCCCC(=O)O,0
sample_417,O=C(O)CCC(=O)O,-1.65
sample_418,CC(C)C=O,-0.43
sample_419,CCCCC=O,-0.02
sample_420,CCC(C)C=O,-0.31
sample_421,CCCC(C)C=O,-0.47
sample_422,CC(C)(C)CC=O,-0.37
sample_423,CCCCCCCC=O,0.48
sample_424,CCCCC(C=O)CC,0.16
sample_425,CCCCCCCCCCC=O,1.69
sample_426,CCCCCCCCCCCC=O,1.76
sample_427,O=C1CCO1,-0.13
sample_428,O=C1CCCO1,-1.72
sample_429,CC1CC(=O)O1,-0.76
sample_430,CCC1CCC(=O)O1,-1.24
sample_431,O=C1CCCCCO1,-1.26
sample_432,CCCCCC1CCC(=O)O1,0.01
sample_433,CCCCCCC1CCC(=O)O1,0.49
sample_434,CC#CCO,-0.87
sample_435,C#CC(C)O,-0.4
sample_436,CCC#CCO,-0.57
sample_437,C#CC=CCO,-0.55
sample_438,C#CC(O)CCC,0.66
sample_439,CCC#CC(C)O,0.51
sample_440,CC(O)C#CC(C)O,-0.46
sample_441,C#CC(O)CCCC,-0.27
sample_442,CCCCC#CCO,-0.19
sample_443,CCCCCCC#CCO,0.65
sample_444,CCCCCCCC#CCO,0.99
sample_445,CCCCCCCCCCC#CCO,2.37
sample_446,C#CC(O)C(C)C,-0.03
sample_447,C#CC(O)CC(C)C,0.62
sample_448,C#CC(O)C(C)CCC,0.74
sample_449,OCCCl,-1.42
sample_450,CC(O)CCl,-1.49
sample_451,OCC(Cl)(Cl)Cl,-0.46
sample_452,OCCCCCCCl,-0.27
sample_453,OCCCCCCBr,0.01
sample_454,OCCCCCCCCBr,1.04
sample_455,CC(C)(CO)CBr,-0.46
sample_456,CC(O)CBr,-1.19
sample_457,OCC(Br)CBr,-0.49
sample_458,CC(=O)OCCCCBr,0.39
sample_459,CC(=O)OCCCCCCl,-0.13
sample_460,COC(=O)CCCCBr,-0.08
sample_461,CCOC(=O)CCCCBr,0.22
sample_462,CCOC(=O)CCCCCBr,0.59
sample_463,CCOC(=O)CCCl,-0.5
sample_464,CCOC(=O)CCCCl,-0.28
sample_465,N#CCCCCBr,-0.21
sample_466,N#CCCCCCCBr,0.51
sample_467,N#CCCCl,-1
sample_468,O=C(O)CCCBr,-0.77
sample_469,O=C(O)CCBr,-0.04
sample_470,O=C(O)CCCCl,-0.68
sample_471,O=C(O)CCCl,-0.33
sample_472,O=C(O)CCCCCl,-0.29
sample_473,CC(C)C(Br)C(=O)O,-0.55
sample_474,CCCCC(Br)C(=O)O,0.45
sample_475,CC(=O)NN,-1.38
sample_476,CCCC(=O)NN,-0.97
sample_477,NNC(=O)CCCCC(=O)NN,-1.37
sample_478,NNC=O,-0.87
sample_479,N#CCCCCC#N,-1.54
sample_480,CC(=O)CC(C)=O,-0.27
sample_481,O=C1CCC(=O)CC1,-1.67
sample_482,CCC(=O)CC(=O)CC,-0.38
sample_483,CCCCC(=O)CC(C)=O,0.13
sample_484,CCCCCC(=O)CC(C)=O,0.51
sample_485,NCCO,-1.39
sample_486,NCCCO,-1.69
sample_487,CNCCO,-1.82
sample_488,CCNCCO,-1.65
sample_489,CC(C)(N)CO,-1.93
sample_490,CCCC(N)CO,-0.67
sample_491,CC(C)(CN)CO,-0.92
sample_492,NCCCCCCO,-0.96
sample_493,CCCCC(N)CO,-0.58
sample_494,CC(C)C(N)CO,-0.59
sample_495,CC(C)(C)C(N)CO,-0.72
sample_496,CCC(C)C(N)CO,-0.66
sample_497,CC(C)CC(N)CO,-0.62
sample_498,CC(C)(C)NCCO,-1.67
sample_499,NCC(O)CO,-1.81
sample_500,CN(CCO)CCO,-1.83
sample_501,OCCN(CCO)CCO,-1.75
sample_502,CCCN,-0.71
sample_503,CCCCN,-0.57
sample_504,CCCNC,-0.81
sample_505,CCCCCCCN,0.21
sample_506,CCCCCCCCN,0.35
sample_507,CCCCCCCCCN,1.7
sample_508,CCCCCCCCCCN,2.06
sample_509,CCCCCCCCCCCN,2.33
sample_510,CC(C)N,-0.86
sample_511,CCC(C)N,-0.67
sample_512,CCCC(C)N,-0.68
sample_513,CCC(N)CC,-0.81
sample_514,CCC(C)CN,-0.48
sample_515,CC(C)(C)N,-0.9
sample_516,CCC(C)(C)N,-0.7
sample_517,CC(C)C(C)N,-0.71
sample_518,C#CCN,-0.83
sample_519,C#CCNC,-0.98
sample_520,C#CCN(C)C,-1.15
sample_521,COCCCN,-1.77
sample_522,COCC(C)N,-0.83
sample_523,CCC(=O)O,-0.51
sample_524,CCCC(=O)O,-0.57
sample_525,CCCCCCC(=O)O,-0.11
sample_526,CCCCCCCC(=O)O,0.08
sample_527,CCCCCCCCC(=O)O,0.35
sample_528,CCCCCCCCCC(=O)O,0.51
sample_529,CCCCCCCCCCC(=O)O,0.9
sample_530,CC(C)C(=O)O,-0.33
sample_531,CC(C)CC(=O)O,-0.34
sample_532,CC(C)(C)C(=O)O,-0.25
sample_533,CCC(C)CC(=O)O,-0.23
sample_534,CCC(CC)C(=O)O,-0.15
sample_535,CCCC(CCC)C(=O)O,0.03
sample_536,C=CCC(=O)O,-0.64
sample_537,CCC=CCC(=O)O,-0.22
sample_538,O=C(O)CC(=O)O,-0.71
sample_539,O=C(O)CCC(=O)O,-0.94
sample_540,O=C(O)CCCC(=O)O,-0.64
sample_541,O=C(O)CCCCCC(=O)O,-0.58
sample_542,O=C(O)CCCCCCCCC(=O)O,-0.27
sample_543,CC=CC(=O)O,-0.54
sample_544,CCC=CC(=O)O,-0.28
sample_545,CCCC=CC(=O)O,-0.13
sample_546,C#CC(=O)O,-0.29
sample_547,CCCCCC#CC(=O)O,-0.06
sample_548,CCCCCCC#CC(=O)O,0.71
sample_549,CCN=C=S,1.63
sample_550,CCCN=C=S,1.69
sample_551,CCCCN=C=S,1.72
sample_552,CCCCCCN=C=S,1.75
sample_553,CC(C)(C)CN=C=S,0.35
sample_554,S=C=NCCCN=C=S,2.72
sample_555,CCCCC(=O)Cl,-0.34
sample_556,CCCCCC(=O)Cl,0.34
sample_557,CCCCCCC(=O)Cl,0.46
sample_558,CCCCCCCC(=O)Cl,0.41
sample_559,CCCC(Br)C(=O)OCC,0.7
sample_560,CCCCC(Br)C(=O)OCC,0.86
sample_561,CCOC(=O)C(C)Br,1.06
sample_562,CCOC(=O)C(Br)CBr,2.21
sample_563,CCOC(=O)C(Br)C(C)Br,1.44
sample_564,CCOC(=O)C(C)Cl,-0.43
sample_565,CCOC(=O)C(Cl)C(=O)OCC,0.63
sample_566,CCOC(=O)C(C)(C)Br,0.15
sample_567,CC(=O)C(Cl)Cl,0.64
sample_568,CC(=O)C(C)Cl,0.27
sample_569,CC(C)(Br)C(=O)C(C)(C)Br,0.51
sample_570,CC(Br)C(=O)C(=O)C(C)Br,2.17
sample_571,BrCC=CCBr,1.92
sample_572,CC(Cl)C#N,-0.86
sample_573,N#CCCl,0.85
sample_574,N#CC(Cl)Cl,0.97
sample_575,O=C(CCl)CCl,2.05
sample_576,N#CC(Cl)(Cl)Cl,1.88
sample_577,N#CCBr,2.23
sample_578,N#CC(Br)Br,2.4
sample_579,C1CSCCS1,-0.11
sample_580,CCOS(=O)OCC,-0.99
sample_581,C=CS(=O)(=O)C=C,1.41
sample_582,C=CS(=O)(=O)CC,0.11
sample_583,Sc1ccccc1,1.66
sample_584,c1ccc2sccc2c1,0.26
sample_585,c1ccc2c(c1)Oc1ccccc1S2,2.04
sample_586,CCCSc1ccccc1,0.86
sample_587,C=CSc1ccccc1,0.42
sample_588,C=CS(=O)c1ccccc1,0.16
sample_589,CCS(=O)(=O)c1ccccc1,-0.79
sample_590,C=CCS(=O)(=O)c1ccccc1,0.31
sample_591,C=CS(=O)(=O)c1ccccc1,1.28
sample_592,CCCCc1ccc(N=C=S)cc1,2.76
sample_593,S=C=Nc1cccc2ccccc12,2.14
sample_594,CC(N=C=S)c1ccccc1,2.71
sample_595,S=C=NC(c1ccccc1)c1ccccc1,3.05
sample_596,S=C=NCCc1ccccc1,2.54
sample_597,S=C=NCc1cccc2ccccc12,3.05
sample_598,O=C(C=Cc1ccccc1)N=C=S,0.29
sample_599,O=Cc1ccc(Br)cc1,0.59
sample_600,Cc1ccc(C=O)cc1,-0.06
sample_601,O=Cc1ccc(F)cc1,-0.13
sample_602,O=Cc1ccc(C=O)cc1,-0.09
sample_603,COc1ccc(C=O)cc1,-0.05
sample_604,CCOc1ccc(C=O)cc1,0.07
sample_605,Cc1ccccc1C=O,0.01
sample_606,O=Cc1cccc(Cl)c1,0.41
sample_607,O=Cc1cccc(Br)c1,0.51
sample_608,O=Cc1cccc(F)c1,0.15
sample_609,COc1ccc(C=O)c(OC)c1,-0.06
sample_610,O=Cc1ccccc1F,0.08
sample_611,CCCCOc1ccc(C=O)cc1,0.72
sample_612,O=Cc1c(Cl)cccc1[N+](=O)[O-],0.16
sample_613,COc1ccc(C=O)c(Cl)c1O,0.2
sample_614,Cc1ccc2ccccc2c1C=O,1.23
sample_615,Cc1ccc(C=O)c2ccccc12,1.12
sample_616,O=Cc1cc2ccccc2c2ccccc12,1.71
sample_617,O=Cc1cccc(O)c1O,0.11
sample_618,O=Cc1cc(O)ccc1O,0.28
sample_619,O=Cc1ccc(O)c(O)c1,0.11
sample_620,O=Cc1cc(O)c(O)c(O)c1,-0.2
sample_621,O=Cc1c(O)cc(O)cc1O,0.13
sample_622,CCOc1cccc(C=O)c1O,0.85
sample_623,COc1cccc(C=O)c1O,0.38
sample_624,COc1cc(O)c(C=O)c(OC)c1,0.62
sample_625,O=Cc1ccc(O)cc1Cl,0.89
sample_626,O=Cc1c(O)ccc2ccccc12,1.32
sample_627,O=Cc1ccc(O)c2ccccc12,1.05
sample_628,O=Cc1ccc(O)c(Br)c1,0.61
sample_629,Oc1c(Br)cc(Br)c(O)c1Br,1.06
sample_630,O=C(c1ccccc1)c1ccc(O)cc1O,1.37
sample_631,Oc1ccccc1O,0.75
sample_632,O=[N+]([O-])c1ccc(O)c(O)c1,1.17
sample_633,Oc1cccc(O)c1O,0.85
sample_634,Oc1ccc(O)c(O)c1,0.44
sample_635,Cc1cc(O)ccc1O,1.86
sample_636,Cc1c(O)ccc(O)c1C,1.41
sample_637,Cc1cc(O)c(C)c(C)c1O,1.34
sample_638,Cc1c(C)c(O)c(C)c(C)c1O,1.28
sample_639,Oc1ccc(O)c(Cl)c1,1.26
sample_640,Oc1ccc(O)c(Br)c1,1.68
sample_641,Oc1c(Cl)c(Cl)c(O)c(Cl)c1Cl,2.11
sample_642,Oc1ccc(O)c(-c2ccccc2)c1,2.01
sample_643,Oc1cc(Cl)c(O)cc1Cl,1.81
sample_644,Oc1c(O)c(Br)c(Br)c(Br)c1Br,0.98
sample_645,CCC(O)Cc1ccccc1,-0.16
sample_646,OCCCCCCc1ccccc1,0.87
sample_647,OCCCCc1ccccc1,0.12
sample_648,CCC(C)(O)c1ccccc1,0.06
sample_649,CCCCCOc1ccc(N)cc1,0.97
sample_650,CCCCCCOc1ccc(N)cc1,1.38
sample_651,CC(C)c1ccc(N)cc1,0.22
sample_652,CCCCc1ccc(N)cc1,1.07
sample_653,BrCCc1ccccc1,0.42
sample_654,Cc1ccccc1N,-0.16
sample_655,Nc1ccccc1,-0.23
sample_656,CSc1ccccc1,0.18
sample_657,Cc1cc(C)c(C)c(O)c1,0.36
sample_658,Cc1cc(C)c(O)c(C)c1,0.42
sample_659,CCC(C)(C)c1ccc(O)cc1,1.23
sample_660,Cc1ccc(C)c(O)c1C,0.28
sample_661,CCOc1ccccc1,-0.14
sample_662,Cc1ccc(O)c(C)c1,0.14
sample_663,C#CC(C)(O)c1ccccc1,-0.18
sample_664,Cc1ccc(O)cc1,-0.16
sample_665,CCCc1ccc(O)cc1,0.64
sample_666,CCCCCCCCCc1ccc(O)cc1,2.47
sample_667,Cc1cccc(O)c1,-0.08
sample_668,Cc1ccccc1C#N,-0.24
sample_669,Nc1ccccc1Cl,-0.17
sample_670,Cc1cc(O)cc(C)c1Cl,1.2
sample_671,CCc1ccc(Br)cc1,0.67
sample_672,Cc1cc(O)ccc1Cl,0.8
sample_673,Oc1ccc(Cl)cc1,0.54
sample_674,Clc1ccccc1,-0.13
sample_675,Cc1ccc([N+](=O)[O-])cc1C,0.59
sample_676,CCOc1cc(C=O)ccc1O,0.02
sample_677,CCC(=O)c1ccc(O)cc1,0.12
sample_678,CCC(=O)c1ccccc1,-0.07
sample_679,O=Cc1ccccc1O,0.42
sample_680,Nc1cc(Cl)ccc1Cl,0.58
sample_681,Cc1ccc(Cl)c(Cl)c1,1.07
sample_682,Clc1ccccc1Cl,0.53
sample_683,COc1cccc([N+](=O)[O-])c1,0.72
sample_684,COc1cc(O)cc(Cl)c1,0.76
sample_685,Oc1ccc(Br)cc1Br,1.4
sample_686,N#Cc1cc(Cl)ccc1N,0.44
sample_687,O=C(c1ccccc1)c1ccc(Cl)cc1,1.5
sample_688,Clc1ccc(Cl)c(Cl)c1,1.08
sample_689,CCOc1ccc(N)c([N+](=O)[O-])c1,0.76
sample_690,O=[N+]([O-])c1cccc(Br)c1,1.03
sample_691,Nc1ccccc1[N+](=O)[O-],0.08
sample_692,O=[N+]([O-])c1cc(F)cc(I)c1,1.09
sample_693,O=[N+]([O-])c1ccccc1O,0.67
sample_694,Nc1ccc([N+](=O)[O-])cc1Cl,0.75
sample_695,O=[N+]([O-])c1ccc(F)cc1,0.1
sample_696,O=[N+]([O-])c1ccccc1Br,0.75
sample_697,O=[N+]([O-])c1ccc(Cl)cc1,0.43
sample_698,Cc1cc(O)c([N+](=O)[O-])cc1Cl,1.63
sample_699,Oc1c(Cl)c(Cl)c(Cl)c(Cl)c1Cl,2.07
sample_700,Oc1c(Br)c(Br)c(Br)c(Br)c1Br,2.66
sample_701,O=[N+]([O-])c1ccc([N+](=O)[O-])cc1,1.3
sample_702,Nc1c(Cl)cc(Cl)cc1[N+](=O)[O-],1.26
sample_703,O=[N+]([O-])c1ccc(CO)cc1[N+](=O)[O-],1.09
sample_704,O=[N+]([O-])c1cccc(Cl)c1Cl,1.07
sample_705,O=[N+]([O-])c1ccccc1[N+](=O)[O-],1.25
sample_706,O=[N+]([O-])c1c(Cl)cc(Cl)cc1Cl,1.43
sample_707,O=[N+]([O-])c1cc(Cl)c(Cl)cc1Cl,1.53
sample_708,O=Cc1cc([N+](=O)[O-])ccc1Cl,0.53
sample_709,O=[N+]([O-])c1c(Cl)c(Cl)cc(Cl)c1Cl,1.82
sample_710,O=[N+]([O-])c1cc(Cl)c(Cl)c(Cl)c1Cl,1.78
sample_711,Nc1c([N+](=O)[O-])cccc1[N+](=O)[O-],0.84
sample_712,Nc1c(Cl)cc([N+](=O)[O-])cc1[N+](=O)[O-],1.12
sample_713,Nc1c(Br)cc([N+](=O)[O-])cc1[N+](=O)[O-],1.24
sample_714,CC(O)Cc1ccccc1,-0.62
sample_715,CC(C)c1ccc(CO)cc1,0.18
sample_716,Cc1cccc(CO)c1,-0.24
sample_717,CC(N)c1ccccc1,-0.18
sample_718,CC(C)(O)Cc1ccccc1,-0.41
sample_719,CNCCc1ccccc1,-0.41
sample_720,CC(CN)c1ccccc1,-0.28
sample_721,OCCc1ccccc1,-0.59
sample_722,CCC(CO)c1ccccc1,-0.11
sample_723,Cc1cc(C)cc(N)c1,-0.36
sample_724,N#CCCCc1ccccc1,0.15
sample_725,Cc1cc(C)c(N)c(C)c1,-0.05
sample_726,N#CCCc1ccccc1,-0.16
sample_727,Cc1ccc(C)c(N)c1,-0.33
sample_728,CC(C)c1ccccc1N,0.12
sample_729,Cc1cccc(C)c1N,-0.43
sample_730,CCCc1ccccc1N,0.08
sample_731,CC(C)(C)c1cc(O)cc(C(C)(C)C)c1,1.64
sample_732,C#CCSc1ccccc1,0.54
sample_733,CCOc1ccc(O)cc1,0.01
sample_734,CCCCOc1ccc(O)cc1,0.7
sample_735,c1ccc(-c2ccccn2)cc1,0.27
sample_736,Cc1cc(C)cc(O)c1,0.11
sample_737,Cc1ccc(C)c(O)c1,0.14
sample_738,COc1cc(CO)ccc1O,-0.7
sample_739,Cc1c(N)cccc1O,-0.55
sample_740,Cc1cc(Cl)ccc1N,0.35
sample_741,CC=Cc1ccc(O)c(OC)c1,0.75
sample_742,Nc1cccc(I)c1,0.65
sample_743,Oc1ccc(F)cc1,0.02
sample_744,Nc1ccccc1I,0.35
sample_745,Cc1cc(Cl)ccc1O,0.7
sample_746,OCc1ccccc1Br,0.1
sample_747,Oc1ccccc1F,0.19
sample_748,CN(C)c1ccc(C=O)cc1,0.23
sample_749,Cc1ccc(Cl)cc1N,0.5
sample_750,Cc1ccc(N)cc1Cl,0.39
sample_751,Cc1c(N)cccc1Cl,0.38
sample_752,Cc1ccc(O)c(Br)c1,0.6
sample_753,N#CCc1ccc(Br)cc1,0.6
sample_754,Oc1ccc(Cl)c(O)c1,0.13
sample_755,COc1ccc(C=O)cc1O,-0.14
sample_756,O=Cc1ccc(-c2ccccc2)cc1,1.12
sample_757,C=C(C)C(=O)OCc1ccccc1,0.65
sample_758,CC(=O)Nc1cccc(O)c1,-0.16
sample_759,N#Cc1ccc(C(N)=O)cc1,-0.38
sample_760,O=[N+]([O-])c1ccccc1-c1ccccc1,1.3
sample_761,CCOC(=O)c1ccc(Br)cc1,1.33
sample_762,O=C(Oc1ccccc1)c1ccc(O)cc1,1.37
sample_763,COc1ccc(C(=O)c2ccccc2)c(O)c1,1.42
sample_764,O=C(Oc1cccc(O)c1)c1ccccc1,1.11
sample_765,O=C(c1ccc(Br)cc1)c1cccnc1,0.82
sample_766,CC(=O)c1cccc([N+](=O)[O-])c1,0.32
sample_767,O=Cc1cccc([N+](=O)[O-])c1,0.11
sample_768,O=C1C=C(c2ccccc2)C(=O)C=C1c1ccccc1,1.48
sample_769,COC(=O)c1cc(Cl)ccc1Cl,0.81
sample_770,CC(=O)c1ccc(Cl)c(Cl)c1Cl,1.34
sample_771,O=C(c1ccccc1O)c1ccccc1O,1.16
sample_772,COC(=O)c1ccc([N+](=O)[O-])cc1,0.39
sample_773,O=[N+]([O-])c1ccc(O)c(CCl)c1,0.75
sample_774,COC(=O)c1ccc(C(=O)OC)c([N+](=O)[O-])c1,0.43
sample_775,O=[N+]([O-])c1c(O)cccc1O,0.66
sample_776,N#Cc1cc(Br)c(O)c(Br)c1,1.16
sample_777,COC(=O)c1ccc(Cl)cc1[N+](=O)[O-],0.82
sample_778,O=[N+]([O-])c1ccccc1F,0.23
sample_779,O=Cc1ccc([N+](=O)[O-])c(O)c1,0.27
sample_780,Nc1cc(F)c(F)cc1[N+](=O)[O-],0.75
sample_781,CCCO,-1.75
sample_782,CC(C)O,-1.88
sample_783,CCCCO,-1.43
sample_784,CC(C)CO,-1.37
sample_785,CCC(C)(C)O,-1.17
sample_786,CC(C)CCO,-1.04
sample_787,CC(C)(C)O,-1.79
sample_788,CC(C)CCCO,-0.64
sample_789,CCCCCCCO,0.11
sample_790,CCCC(CO)CCC,0.13
sample_791,CCCCCCCCCCO,1.34
sample_792,CCCCCCC(O)CCC,0.85
sample_793,CCC(C)(O)CCCC(C)C,0.34
sample_794,CCCCCCCCCCCCCO,2.45
sample_795,CCC(O)CO,-2.05
sample_796,CC(O)CCO,-2.3
sample_797,OCCCCO,-2.24
sample_798,CC(C)(O)C#CC(C)(C)O,-1.58
sample_799,C#CC(C)(O)CC(C)C,-0.55
sample_800,C#CCCO,-1.84
sample_801,CC#CCCO,-1.18
sample_802,C#CCC(C)O,-1.63
sample_803,C#CCC(O)CC,-1.4
sample_804,CCC#CCC(C)O,-0.62
sample_805,CCCCC#CCCO,0.02
sample_806,CCC#CCC(O)CC,-0.38
sample_807,CCCCCC#CCCO,0.34
sample_808,CCCCCCCCCCC#CCCO,2.38
sample_809,CC=CCO,-1.47
sample_810,CCCCC=CCO,0.05
sample_811,CCCCCC=CCO,0.37
sample_812,CCCCCCCC=CCO,1.13
sample_813,CCOC(C)=O,-1.3
sample_814,CCCCOC(C)=O,-0.49
sample_815,CCCCCCOC(C)=O,-0.01
sample_816,CCCCCCCCCCOC(C)=O,1.88
sample_817,CCOC(=O)CC,-0.95
sample_818,CCOC(=O)C(C)C,-1.27
sample_819,CCCCC(=O)OCCC,0.01
sample_820,CCCOC=O,-1.02
sample_821,CC(C)COC=O,-1.31
sample_822,CCCCCCOC=O,-0.38
sample_823,C=CCOC(=O)CCC,-0.64
sample_824,C=CCOC(=O)CCCCC,0.21
sample_825,C#CCOC(C)=O,-1.17
sample_826,CC=CCC(=O)OC,-0.28
sample_827,CC(C)=O,-2.2
sample_828,CCC(C)=O,-1.75
sample_829,CCCC(C)=O,-1.22
sample_830,CCC(=O)CC,-1.46
sample_831,CCCCC(C)=O,-1.34
sample_832,CC(=O)CCC(C)C,-0.65
sample_833,CCCCCCCC(C)=O,0.66
sample_834,CCCCCCCCCCCC(C)=O,2.12
sample_835,CC#N,-2.28
sample_836,CC(C)C#N,-1.62
sample_837,CC(C)(C)C#N,-1.33
sample_838,CCCCCCC#N,-0.24
sample_839,CCCCCCCC#N,0.28
sample_840,CCCCCCCCCCCC#N,1.9
sample_841,C=CCC#N,-1.48
sample_842,CC=CCC#N,-0.95
sample_843,CCCCCCBr,0.94
sample_844,CCCCCCCBr,1.49
sample_845,SCCCCCCS,0.63
sample_846,SCCCCCCCCS,1.19
sample_847,CCCS(=O)CCC,-1.22
sample_848,CCCCS(=O)(=O)CCCC,-0.26
sample_849,CC=NO,-1.61
sample_850,CCC(C)=NO,-1.07
sample_851,ON=C1CCCCC1,-0.8
sample_852,CCOC(=O)CC(=O)OCC,-1
sample_853,COC(=O)CCC(=O)OC,-1.06
sample_854,CCOC(=O)CCCCC(=O)OCC,-0.13
sample_855,COC(=O)CCCCCCCCC(=O)OC,1.01
sample_856,CCOC(=O)CCCCCC(=O)OCC,0.41
sample_857,CCCCOC(=O)CCCCCCC(=O)OCCCC,1.66
sample_858,CCOC(=O)C(C(=O)OCC)=C(C)C,-0.07
sample_859,CCOC(=O)C(C)C(=O)OCC,-0.51
sample_860,CCCCCC(=O)O,-0.68
sample_861,O=C(O)CC(=O)O,-1.58
sample_862,CCC=O,-0.49
sample_863,CCCC=O,-0.38
sample_864,CCCCCC=O,-0.17
sample_865,CCC(C=O)CC,-0.05
sample_866,CCCCCCC=O,0
sample_867,CCCCCCCCC=O,0.81
sample_868,CCCCCCCCCC=O,1.28
sample_869,CCCCCC=CCCC=O,1.21
sample_870,CCC=CCCCCCC=O,0.95
sample_871,CC1CCC(=O)O1,-1.57
sample_872,CC1CCOC1=O,-1.19
sample_873,CCCCC1CCC(=O)O1,-0.38
sample_874,CCCCCC1CCCC(=O)O1,-0.08
sample_875,C#CCO,-1.07
sample_876,OCC#CCO,-1.88
sample_877,C#CC(O)CC,-1.18
sample_878,CCCC#CCO,-0.38
sample_879,CC#CC(O)CC,-0.19
sample_880,CCC#CC(O)CC,-0.03
sample_881,CCCCCC#CCO,0.19
sample_882,CCC#CC(O)CC(C)C,0.4
sample_883,OCCBr,-0.85
sample_884,OCCCBr,-0.93
sample_885,OCCCCl,-1.4
sample_886,OCCCCCl,-0.76
sample_887,CC(C)(CO)CCl,-0.78
sample_888,OCC(Cl)Cl,-0.99
sample_889,OC(CCl)CCl,-0.79
sample_890,OCCCCCCCCCl,0.49
sample_891,OCC(Br)(Br)Br,0.11
sample_892,CC(=O)OCCCCCBr,0.29
sample_893,CCOC(=O)CCBr,0.13
sample_894,CCOC(=O)CCCBr,-0.03
sample_895,N#CCCCBr,-0.47
sample_896,N#CCCCCl,-0.93
sample_897,N#CCCCCCl,-0.63
sample_898,N#CCCCCCCCl,0.29
sample_899,O=C(O)CCCCBr,-0.69
sample_900,O=C(O)CCCCCCCBr,1.32
sample_901,O=C(O)CCCCCBr,0.03
sample_902,CCC(Br)C(=O)O,0.12
sample_903,CC(C)(Br)C(=O)O,-0.58
sample_904,CCCC(Br)C(=O)O,-0.04
sample_905,CCCCCCC(Br)C(=O)O,0.49
sample_906,N#CCCC#N,-1.82
sample_907,N#CCCCC#N,-1.64
sample_908,O=C1CCCC(=O)C1,-0.93
sample_909,CC(=O)CCC(C)=O,-1.4
sample_910,NCCCCO,-0.98
sample_911,NCCCCCO,-1.76
sample_912,CCCNCCO,-1.68
sample_913,CCN(CC)CCO,-1.5
sample_914,OCCNCCO,-1.79
sample_915,NCC(O)CN,-1.43
sample_916,NC(CO)CO,-1.68
sample_917,CNCC(O)CO,-1.53
sample_918,CCCCCN,-0.48
sample_919,CCCCNC,-0.68
sample_920,CCCCCCN,-0.22
sample_921,CC(C)CN,-0.26
sample_922,CCN(C)C,-0.91
sample_923,CC(C)CCN,-0.58
sample_924,CCN(C)CC,-0.76
sample_925,C#CC(C)(C)N,-0.91
sample_926,COCCN,-1.79
sample_927,CCOCCCN,-1.7
sample_928,NCCCN,-0.7
sample_929,CCCCC(=O)O,-0.27
sample_930,CCCCCC(=O)O,-0.21
sample_931,CC(C)CCC(=O)O,-0.27
sample_932,CCCCC(CC)C(=O)O,0.08
sample_933,O=C(O)CCCCC(=O)O,-0.61
sample_934,CC(C)(CC(=O)O)CC(=O)O,-0.66
sample_935,O=C(O)CCCCCCC(=O)O,-0.51
sample_936,O=C(O)CCCCCCCCCCC(=O)O,-0.09
sample_937,CCCCCC=CC(=O)O,0.21
sample_938,CCCCCCC=CC(=O)O,0.6
sample_939,CCCCCN=C=S,1.71
sample_940,C=CCN=C=S,2.06
sample_941,CCC(Br)C(=O)OC,1.02
sample_942,CCOC(=O)C(Br)CC,0.76
sample_943,CCOC(=O)C(Br)C(C)C,0.02
sample_944,CCCCCCC(Br)C(=O)OCC,1.5
sample_945,CC(C)(C)C(=O)CBr,2.38
sample_946,CC(=O)C(Cl)C(C)=O,1.44
sample_947,O=C(CBr)C(=O)CBr,1.76
sample_948,CC(Br)C#N,0.63
sample_949,c1csc(-c2cccs2)c1,1.04
sample_950,CS(C)(=O)=O,-2.2
sample_951,CCS(=O)(=O)CC,-1.84
sample_952,C=CS(C)(=O)=O,0.99
sample_953,CCSc1ccccc1,0.3
sample_954,C=CCSc1ccccc1,0.69
sample_955,Cc1cccc(C)c1N=C=S,1.49
sample_956,Cc1cc(C)cc(N=C=S)c1,1.88
sample_957,S=C=Nc1ccc2c(c1)CCC2,2.48
sample_958,S=C=Nc1ccc(N=C=S)cc1,3.34
sample_959,S=C=NCCCc1ccccc1,2.54
sample_960,O=Cc1cccc2ccccc12,0.42
sample_961,CCc1ccc(C=O)cc1,0.29
sample_962,Cc1cccc(C=O)c1,0.08
sample_963,O=Cc1ccccc1Br,0.48
sample_964,N#Cc1cccc(C=O)c1,-0.02
sample_965,O=Cc1ccc2c(c1)Cc1ccccc1-2,1.5
sample_966,COc1cc(C=O)cc(O)c1OC,-0.39
sample_967,O=Cc1ccc(O)c(O)c1O,0
sample_968,O=Cc1ccc(O)cc1O,0.52
sample_969,O=Cc1cccc([N+](=O)[O-])c1O,0.87
sample_970,O=Cc1ccc(O)cc1,0.27
sample_971,O=Cc1cc(Br)ccc1O,1.11
sample_972,O=Cc1cc(Cl)ccc1O,1.01
sample_973,O=Cc1cc(Br)c(O)c(Br)c1,0.89
sample_974,Oc1cc(O)cc(O)c1,-1.26
sample_975,Oc1cc(O)c(Cl)cc1Cl,0.97
sample_976,Cc1cccc(O)c1O,0.28
sample_977,Cc1ccc(O)c(O)c1,0.37
sample_978,Oc1ccc(Cl)cc1O,1.06
sample_979,O=C(c1ccccc1)c1ccc(O)c(O)c1O,0.88
sample_980,O=[N+]([O-])c1cc([N+](=O)[O-])c(O)c(O)c1O,1.18
sample_981,Oc1ccc(O)cc1,0.47
sample_982,Oc1c(F)c(F)c(O)c(F)c1F,1.84
sample_983,Oc1c(O)c(Cl)c(Cl)c(Cl)c1Cl,1.7
sample_984,OCc1cccc(O)c1,-1.02
sample_985,COc1cc(CN)ccc1O,-0.97
sample_986,NC(=O)c1ccc(N)cc1,-0.91
sample_987,NC(=O)c1ccccc1,-0.91
sample_988,OCCOc1cccc(O)c1,-0.87
sample_989,CC(=O)Nc1ccc(O)cc1,-0.82
sample_990,NC(=O)c1ccc(O)cc1,-0.78
sample_991,Cc1cc(O)cc(O)c1,-0.39
sample_992,N#Cc1ccccc1C#N,-0.34
sample_993,NC(=O)c1cc(Cl)ccc1[N+](=O)[O-],-0.32
sample_994,CC(=O)Oc1ccccc1,-0.23
sample_995,CC(=O)Nc1ccc(C=O)cc1,-0.22
sample_996,COC(=O)COc1ccccc1,-0.21
sample_997,NC(=O)c1cccc([N+](=O)[O-])c1,-0.19
sample_998,O=[N+]([O-])c1ccccc1CO,-0.15
sample_999,COC(=O)c1cc(O)cc(O)c1,-0.14
sample_1000,CC(=O)c1ccc(O)c(C(N)=O)c1,-0.1
sample_1001,N#Cc1cccc(O)c1,-0.06
sample_1002,COC(=O)c1ccc(C#N)cc1,-0.05
sample_1003,COc1cccc(C#N)c1,0.01
sample_1004,CC(CCO)c1ccccc1,0.01
sample_1005,N#Cc1ccccc1O,0.04
sample_1006,N#Cc1ccc(C=O)cc1,0.04
sample_1007,O=Cc1cccc(O)c1,0.08
sample_1008,NC(=O)c1ccc(Cl)cc1,0.09
sample_1009,CN(C)Cc1ccccc1,0.12
sample_1010,Cc1ccc(Cl)c(N)c1,0.2
sample_1011,O=[N+]([O-])c1cccc(F)c1,0.2
sample_1012,COc1cccc(C=O)c1,0.23
sample_1013,ON=Cc1ccccc1O,0.25
sample_1014,O=[N+]([O-])c1ccc(O)cc1[N+](=O)[O-],0.27
sample_1015,CCN(C)c1ccccc1,0.29
sample_1016,COC(=O)c1ccc(C=O)cc1,0.3
sample_1017,OCc1ccccc1I,0.33
sample_1018,Cc1ccc(N)c([N+](=O)[O-])c1,0.37
sample_1019,CCOC(=O)c1ccc(C#N)cc1,0.37
sample_1020,O=[N+]([O-])c1ccc(Br)cc1,0.38
sample_1021,O=[N+]([O-])c1cccc(O)c1[N+](=O)[O-],0.46
sample_1022,Cc1cc([N+](=O)[O-])ccc1N,0.49
sample_1023,O=Cc1ccccc1Cl,0.49
sample_1024,NC(=O)c1cc([N+](=O)[O-])c(N)c([N+](=O)[O-])c1,0.51
sample_1025,O=[N+]([O-])c1cc(CO)cc([N+](=O)[O-])c1,0.53
sample_1026,COc1ccc([N+](=O)[O-])cc1,0.54
sample_1027,N#Cc1ccc([N+](=O)[O-])cc1,0.57
sample_1028,CCOc1ccc(C(=O)OC)cc1,0.58
sample_1029,Nc1cc([N+](=O)[O-])ccc1Cl,0.6
sample_1030,O=[N+]([O-])c1cc(Cl)c(O)c(Cl)c1,0.61
sample_1031,CCN(CC)c1ccccc1,0.66
sample_1032,c1ccc(Cc2cccnc2)cc1,0.68
sample_1033,Cc1ccc(Cl)c(N)c1Cl,0.69
sample_1034,Cc1ccc(O)cc1[N+](=O)[O-],0.74
sample_1035,Cc1c(O)cccc1[N+](=O)[O-],0.78
sample_1036,Cc1ccc(C)c(C)c1,0.78
sample_1037,O=[N+]([O-])c1cc(C(F)(F)F)ccc1Cl,0.85
sample_1038,O=C(CBr)Nc1cc([N+](=O)[O-])ccc1O,0.87
sample_1039,Nc1c(Br)cccc1Br,0.9
sample_1040,O=[N+]([O-])c1ccc(O)cc1F,0.93
sample_1041,Nc1cc([N+](=O)[O-])cc([N+](=O)[O-])c1,0.94
sample_1042,COc1c(F)cc(Br)cc1[N+](=O)[O-],0.97
sample_1043,O=[N+]([O-])c1ccc([N+](=O)[O-])c(O)c1,1.04
sample_1044,O=[N+]([O-])c1ccc(F)cc1O,1.12
sample_1045,Nc1c([N+](=O)[O-])cc(Cl)cc1[N+](=O)[O-],1.15
sample_1046,O=[N+]([O-])c1ccc(O)c(Cl)c1,1.18
sample_1047,O=Cc1ccc(Cl)c([N+](=O)[O-])c1,1.19
sample_1048,Nc1cc([N+](=O)[O-])cc(Cl)c1O,1.2
sample_1049,N#Cc1cc([N+](=O)[O-])cc([N+](=O)[O-])c1,1.22
sample_1050,Cc1cc([N+](=O)[O-])c(O)c([N+](=O)[O-])c1,1.23
sample_1051,O=[N+]([O-])c1cc(Br)c(O)c(Br)c1,1.36
sample_1052,CCCCCOC(=O)c1ccccc1,1.37
sample_1053,CC(C)(C)c1cc(N)cc(C(C)(C)C)c1,1.44
sample_1054,Nc1c(Br)cc(Cl)cc1Br,1.52
sample_1055,Cc1ccc([N+](=O)[O-])c([N+](=O)[O-])c1,1.52
sample_1056,CCOC(=O)c1ccc(I)cc1,1.53
sample_1057,O=[N+]([O-])c1cc(Cl)c(Cl)c(Cl)c1,1.55
sample_1058,Oc1ccc(C2CCCCC2)cc1,1.56
sample_1059,O=[N+]([O-])c1cccc(-c2ccccc2)c1,1.57
sample_1060,C=COC(=O)c1ccc(C(C)(C)C)cc1,1.57
sample_1061,O=[N+]([O-])c1cc(Br)cc(F)c1O,1.62
sample_1062,Cc1ccc(-c2ccccc2)cc1,1.66
sample_1063,Nc1cc(F)c([N+](=O)[O-])cc1[N+](=O)[O-],1.69
sample_1064,N#Cc1ccc(Cl)c([N+](=O)[O-])c1,1.71
sample_1065,Cc1cc(C(C)(C)C)c(O)c(C(C)(C)C)c1,1.79
sample_1066,O=[N+]([O-])c1cc(Cl)ccc1O,2.12
sample_1067,Oc1c(Br)cc(Br)cc1-c1ccccc1,2.21
sample_1068,Cc1cc(Cl)c([N+](=O)[O-])cc1[N+](=O)[O-],2.33
sample_1069,O=Cc1cc(I)cc(I)c1O,2.35
sample_1070,CCCCCCCCCOC(=O)c1ccc(O)cc1,2.63
sample_1071,O=[N+]([O-])c1cc([N+](=O)[O-])c(Cl)cc1Cl,2.72
sample_1072,NC(=O)COc1ccccc1,-0.73
sample_1073,N=C(N)NC(=N)Nc1ccccc1,-0.39
sample_1074,NC(=O)Oc1ccccc1,-0.39
sample_1075,O=C1CCC(c2ccccc2)O1,-0.05
sample_1076,O=C(NO)c1ccccc1,0.38
sample_1077,CC(=O)CC(=O)c1ccccc1,0.57
sample_1078,NC(=S)Nc1ccccc1,0.61
sample_1079,NCCCCc1ccccc1,0.62
sample_1080,O=Nc1ccc(O)cc1,0.65
sample_1081,O=CC=Cc1ccccc1,0.68
sample_1082,CCOC(=O)C(Cc1ccccc1)C(=O)OCC,0.71
sample_1083,N#CSCc1ccccc1,1.05
sample_1084,C=CC(=O)OCc1ccccc1,1.35
sample_1085,O=C(C=Cc1ccccc1)c1ccccc1,1.51
sample_1086,CCOC(=O)C#Cc1ccccc1,1.67
sample_1087,O=CC(Cl)=Cc1ccccc1,1.73
sample_1088,O=C(CBr)Oc1ccc([N+](=O)[O-])cc1,1.81
sample_1089,O=CC#Cc1ccccc1,2.02
sample_1090,O=[N+]([O-])c1cc(N=C=S)ccc1Cl,2.11
sample_1091,O=[N+]([O-])c1ccc(CBr)cc1,2.31
sample_1092,N#Cc1c(F)c(F)c(C#N)c(F)c1F,2.55
sample_1093,S=C=NCc1ccccc1,2.74
sample_1094,COc1cccc(O)c1O,0.4597
sample_1095,Oc1cc(Cl)ccc1Oc1ccc(Cl)cc1Cl,2.7542
sample_1096,CC(C)(C)c1cc([N+](=O)[O-])cc([N+](=O)[O-])c1O,2.2501
sample_1097,Oc1cc(Cl)cc(Cl)c1O,1.3703
sample_1098,Oc1cc(Br)c(O)cc1Br,1.5466
sample_1099,Oc1c(Br)cccc1Br,1.1428
sample_1100,CCN(CC)c1cccc(O)c1,0.5104
sample_1101,Cc1cc([N+](=O)[O-])ccc1O,1.3782
sample_1102,Oc1ccc(Cl)c(Cl)c1Cl,1.988
sample_1103,CC(=O)c1cc(Br)ccc1O,0.7542
sample_1104,N#Cc1ccc(O)cc1Cl,1.5114
sample_1105,COc1cc(O)cc(OC)c1O,1.723
sample_1106,O=[N+]([O-])c1cccc(Br)c1O,1.4152
sample_1107,CCCOC(=O)c1ccc(O)cc1,0.8645
sample_1108,Oc1cccc(F)c1O,0.9175
sample_1109,COC(=O)c1cc(O)ccc1O,0.5058
sample_1110,Nc1cc([N+](=O)[O-])ccc1Cl,0.6039
sample_1111,Nc1c([N+](=O)[O-])cc(Cl)cc1[N+](=O)[O-],1.1538
sample_1112,Cc1cc(O)ccc1N,1.0412
sample_1113,O=S=Nc1ccccc1,0.3638
sample_1114,Cc1ccc(N)cc1O,-0.3896
sample_1115,Nc1cc(O)ccc1Cl,0.1008
sample_1116,Nc1ccc(O)c(Cl)c1,0.7239
sample_1117,Cc1c(Cl)cc(N)c(O)c1Cl,1.655
sample_1118,Nc1cc(Cl)ccc1[N+](=O)[O-],0.6995
sample_1119,Cc1cc([N+](=O)[O-])cc(Br)c1N,1.1412
sample_1120,CN(C)c1ccc(N=O)cc1,2.4776
sample_1121,Nc1c(Br)cc(C(F)(F)F)cc1[N+](=O)[O-],1.2581
sample_1122,CCN(CC)c1ccc(N=O)cc1,2.5186
sample_1123,O=C(CBr)Oc1ccc([N+](=O)[O-])cc1,1.8055
sample_1124,CC(=O)Oc1ccc([N+](=O)[O-])cc1,1.3474
sample_1125,O=[N+]([O-])c1ccc(CBr)cc1,2.3051
sample_1126,O=[N+]([O-])c1cc(Cl)ccc1Br,1.281
sample_1127,COc1c(F)cc(Br)cc1[N+](=O)[O-],0.9707
sample_1128,NC(=O)c1cc(Cl)ccc1[N+](=O)[O-],-0.3152
sample_1129,Cc1c([N+](=O)[O-])cccc1[N+](=O)[O-],0.4259
sample_1130,NC(=O)c1cc([N+](=O)[O-])ccc1Cl,1.2673
sample_1131,COC(=O)c1ccc(Cl)c([N+](=O)[O-])c1,0.2722
sample_1132,O=[N+]([O-])c1ccc(Cl)cc1[N+](=O)[O-],2.2496
sample_1133,N#Cc1cc([N+](=O)[O-])ccc1Cl,1.5227
sample_1134,N#Cc1ccc([N+](=O)[O-])c([N+](=O)[O-])c1,2.5783
sample_1135,O=Cc1ccc([N+](=O)[O-])cc1[N+](=O)[O-],1.0363
sample_1136,N#Cc1ccc(C(F)(F)F)cc1[N+](=O)[O-],1.6598
sample_1137,O=[N+]([O-])c1cccc([N+](=O)[O-])c1Cl,1.8752
sample_1138,N#Cc1ccc([N+](=O)[O-])cc1[N+](=O)[O-],1.7106
sample_1139,O=[N+]([O-])c1cc(F)ccc1Cl,0.505
sample_1140,O=[N+]([O-])c1c(F)cc(F)cc1F,0.8002
sample_1141,O=[N+]([O-])c1cc(F)c(F)c(F)c1,1.7888
sample_1142,Clc1cccc(Cl)c1,0.558
sample_1143,Cc1ccccc1C(N)=O,-0.9509
sample_1144,CCC(=O)Cc1ccccc1,-0.2076
sample_1145,COc1ccccc1CC(=O)O,0.0202
sample_1146,N#Cc1ccc(C(F)(F)F)cc1Cl,0.1129
sample_1147,N#Cc1cc(C(F)(F)F)ccc1Cl,0.5727
sample_1148,CC(C)CC(=O)OCCc1ccccc1,1.1033
sample_1149,N#Cc1c(Cl)c(Cl)c(Cl)c(C#N)c1Cl,3.1695
sample_1150,CC=Cc1ccc(OC)cc1,0.8946
sample_1151,CC(C)C=C(C=O)c1ccccc1,0.8248
sample_1152,c1ccc(N=Nc2ccccc2)cc1,1.875
sample_1153,COc1cccc(C)c1OC,0.03
sample_1154,O=C(C=Cc1ccccc1)OCc1ccccc1,1.9299
sample_1155,Fc1ccc(F)cc1,-0.4604
sample_1156,Fc1cc(F)c(F)c(F)c1F,-0.2499
sample_1157,C=CC(=O)Nc1ccccc1,0.1162
sample_1158,CC(=O)C=Cc1ccccc1,0.8394
sample_1159,C=CS(=O)(=O)Oc1ccccc1,2.0349
sample_1160,N#CCS(=O)(=O)c1ccccc1,-0.24
sample_1161,O=S(=O)(CCCl)c1ccccc1,1.2355
sample_1162,COC(=O)C#Cc1ccccc1,1.7063
sample_1163,O=C(CCl)c1ccccc1,2.1722
sample_1164,C=CC(=O)Oc1ccccc1,1.9228
sample_1165,CC(=NO)C(=O)c1ccccc1,-0.0386
sample_1166,O=COCc1ccccc1,-0.5055
sample_1167,O=C(C[N+](=O)[O-])c1ccccc1,0.3066
sample_1168,N#CCC(=O)c1ccccc1,0.3767
sample_1169,CC(=O)C(C#N)c1ccccc1,0.615
sample_1170,CC(O)C(=O)OCc1ccccc1,-0.5264
sample_1171,CC(C=O)c1ccccc1,0.4624
sample_1172,C=CC(C)(O)CCC=C(C)C,0.0198
sample_1173,CCC=CCO,-0.8707
sample_1174,CC(O)CO,-2.5138
sample_1175,CCCC(O)CC,-0.8469
sample_1176,CCCCCCCCCC(C)O,1.5802
sample_1177,CCCCCCC(O)CC,0.3592
sample_1178,OCc1ccco1,-1.3808
sample_1179,C=CC(O)CCCC,-0.6063
sample_1180,OCC#CCCl,0.1642
sample_1181,CC(O)CN(C)C,-0.7047
sample_1182,CC(C)=CCCC(C)=CCO,0.6978
sample_1183,CCCC(COC)OC,-2.1712
sample_1184,CCCCOCC,-0.6984
sample_1185,C1CCOC1,-1.94
sample_1186,CCNCC,-0.9387
sample_1187,NC1CCCCC1,-0.5672
sample_1188,C=CCN,-0.8267
sample_1189,CCCCNCCC,-0.4637
sample_1190,CCCCCNC,-0.6096
sample_1191,CCOC(=O)CBr,2.6786
sample_1192,CCOC(=O)C(Br)C(=O)OCC,2.2112
sample_1193,CCCCOC(=O)C(C)O,-0.9497
sample_1194,CCCC=CCOC(C)=O,-0.0771
sample_1195,C=C1CCOC1=O,1.1361
sample_1196,CC(=O)CCl,1.6852
sample_1197,CCC(=O)CBr,2.6108
sample_1198,CC(=O)C(C)Br,1.8465
sample_1199,CC(=O)c1ccco1,-1.043
sample_1200,O=C1C=CCO1,-0.0589
sample_1201,O=CCCCC=O,0.0017
sample_1202,O=Cc1ccoc1,0.0024
sample_1203,C=CCI,0.7875
sample_1204,C#CCCCCl,-0.4858
sample_1205,CCCCCCCl,0.7845
sample_1206,CCC(C)I,0.1309
sample_1207,BrC1C=CCCC1,-0.5998
sample_1208,O=C(O)C(O)C(O)C(=O)O,-0.5226
sample_1209,CCCC(Br)C(=O)O,0.2697
sample_1210,O=C(O)CCCCBr,-0.3516
sample_1211,CC(C)(C)C1=CC(=O)C=CC1=O,2.5622
sample_1212,N#CC1=C(C#N)C(=O)C(Cl)=C(Cl)C1=O,0.3524
sample_1213,C=C(Br)C#N,2.3211
